"STATION","DATE","LATITUDE","LONGITUDE","ELEVATION","NAME","TEMP","TEMP_ATTRIBUTES","DEWP","DEWP_ATTRIBUTES","SLP","SLP_ATTRIBUTES","STP","STP_ATTRIBUTES","VISIB","VISIB_ATTRIBUTES","WDSP","WDSP_ATTRIBUTES","MXSPD","GUST","MAX","MAX_ATTRIBUTES","MIN","MIN_ATTRIBUTES","PRCP","PRCP_ATTRIBUTES","SNDP","FRSHTT"
"57036099999","2021-01-01","34.447119","108.751592","479.14","XIANYANG, CH","  25.5","24","  15.0","24","9999.9"," 0","999.9"," 0","  4.2","24","  3.2","24","  7.8","999.9","  41.0","*","  10.4","*"," 0.00","I","999.9","000000"
"57036099999","2021-01-02","34.447119","108.751592","479.14","XIANYANG, CH","  31.9","24","  17.0","24","9999.9"," 0","999.9"," 0","  3.8","24","  4.0","24","  7.8","999.9","  41.0","*","  24.8","*"," 0.00","I","999.9","000000"
"57036099999","2021-01-03","34.447119","108.751592","479.14","XIANYANG, CH","  29.4","24","  18.1","24","9999.9"," 0","999.9"," 0","  2.9","24","  4.2","24","  5.8","999.9","  42.8","*","  19.4","*"," 0.00","I","999.9","000000"
"57036099999","2021-01-04","34.447119","108.751592","479.14","XIANYANG, CH","  32.1","24","  21.4","24","9999.9"," 0","999.9"," 0","  2.3","24","  4.0","24","  7.8","999.9","  39.2","*","  24.8","*"," 0.00","I","999.9","000000"
"57036099999","2021-01-05","34.447119","108.751592","479.14","XIANYANG, CH","  30.7","24","  14.1","24","9999.9"," 0","999.9"," 0","  5.6","24","  4.3","24","  7.8","999.9","  41.0","*","  23.0","*"," 0.00","I","999.9","000000"
"57036099999","2021-01-06","34.447119","108.751592","479.14","XIANYANG, CH","  22.9","24","  -0.0","24","9999.9"," 0","999.9"," 0","  6.2","24","  8.3","24"," 11.7","999.9","  32.0","*","   8.6","*"," 0.00","I","999.9","000000"
"57036099999","2021-01-07","34.447119","108.751592","479.14","XIANYANG, CH","  15.3","24","  -3.1","24","9999.9"," 0","999.9"," 0","  6.2","24","  4.4","24","  7.8","999.9","  24.8","*","   5.0","*"," 0.00","I","999.9","000000"
"57036099999","2021-01-08","34.447119","108.751592","479.14","XIANYANG, CH","  18.2","24","  -1.2","24","9999.9"," 0","999.9"," 0","  6.2","24","  3.5","24","  7.8","999.9","  33.8","*","   8.6","*"," 0.00","I","999.9","000000"
"57036099999","2021-01-09","34.447119","108.751592","479.14","XIANYANG, CH","  24.4","24","   4.3","24","9999.9"," 0","999.9"," 0","  5.7","24","  3.9","24","  5.8","999.9","  35.6","*","  12.2","*"," 0.00","I","999.9","000000"
"57036099999","2021-01-10","34.447119","108.751592","479.14","XIANYANG, CH","  27.4","24","   7.4","24","9999.9"," 0","999.9"," 0","  6.1","24","  5.0","24","  9.7","999.9","  32.0","*","  19.4","*"," 0.00","I","999.9","000000"
"57036099999","2021-01-11","34.447119","108.751592","479.14","XIANYANG, CH","  30.8","24","   4.2","24","9999.9"," 0","999.9"," 0","  6.2","24","  6.1","24"," 11.7","999.9","  46.4","*","  19.4","*"," 0.00","I","999.9","000000"
"57036099999","2021-01-12","34.447119","108.751592","479.14","XIANYANG, CH","  39.4","24","  11.6","24","9999.9"," 0","999.9"," 0","  6.2","24","  6.1","24","  9.7","999.9","  59.0","*","  21.2","*"," 0.00","I","999.9","000000"
"57036099999","2021-01-13","34.447119","108.751592","479.14","XIANYANG, CH","  36.0","24","  13.1","24","9999.9"," 0","999.9"," 0","  5.8","24","  4.9","24","  9.7","999.9","  60.8","*","  17.6","*"," 0.00","I","999.9","000000"
"57036099999","2021-01-14","34.447119","108.751592","479.14","XIANYANG, CH","  39.7","24","  15.6","24","9999.9"," 0","999.9"," 0","  4.5","24","  4.0","24"," 11.7","999.9","  57.2","*","  19.4","*"," 0.00","I","999.9","000000"
"57036099999","2021-01-15","34.447119","108.751592","479.14","XIANYANG, CH","  36.6","24","  13.5","24","9999.9"," 0","999.9"," 0","  5.4","24","  6.1","24"," 17.5","999.9","  50.0","*","  23.0","*"," 0.00","I","999.9","000000"
"57036099999","2021-01-16","34.447119","108.751592","479.14","XIANYANG, CH","  33.9","24","   6.7","24","9999.9"," 0","999.9"," 0","  6.2","24","  6.6","24"," 13.6","999.9","  44.6","*","  19.4","*"," 0.00","I","999.9","000000"
"57036099999","2021-01-17","34.447119","108.751592","479.14","XIANYANG, CH","  28.6","24","   6.4","24","9999.9"," 0","999.9"," 0","  6.2","24","  5.3","24"," 11.7","999.9","  46.4","*","  15.8","*"," 0.00","I","999.9","000000"
"57036099999","2021-01-18","34.447119","108.751592","479.14","XIANYANG, CH","  31.8","24","  11.4","24","9999.9"," 0","999.9"," 0","  5.8","24","  4.9","24","  9.7","999.9","  50.0","*","  15.8","*"," 0.00","I","999.9","000000"
"57036099999","2021-01-19","34.447119","108.751592","479.14","XIANYANG, CH","  39.8","24","  17.8","24","9999.9"," 0","999.9"," 0","  4.6","24","  4.5","24"," 11.7","999.9","  50.0","*","  26.6","*"," 0.00","I","999.9","000000"
"57036099999","2021-01-20","34.447119","108.751592","479.14","XIANYANG, CH","  36.5","24","  24.0","24","9999.9"," 0","999.9"," 0","  2.8","24","  2.9","24","  5.8","999.9","  46.4","*","  23.0","*"," 0.00","I","999.9","000000"
"57036099999","2021-01-21","34.447119","108.751592","479.14","XIANYANG, CH","  36.3","24","  24.7","24","9999.9"," 0","999.9"," 0","  2.3","24","  3.6","24","  5.8","999.9","  55.4","*","  21.2","*"," 0.00","I","999.9","000000"
"57036099999","2021-01-22","34.447119","108.751592","479.14","XIANYANG, CH","  32.1","24","  19.8","24","9999.9"," 0","999.9"," 0","  3.0","24","  4.8","24","  9.7","999.9","  48.2","*","  19.4","*"," 0.00","I","999.9","000000"
"57036099999","2021-01-23","34.447119","108.751592","479.14","XIANYANG, CH","  37.5","24","  23.1","24","9999.9"," 0","999.9"," 0","  2.0","24","  4.0","24","  7.8","999.9","  44.6","*","  21.2","*"," 0.00","I","999.9","000000"
"57036099999","2021-01-24","34.447119","108.751592","479.14","XIANYANG, CH","  38.0","24","  31.6","24","9999.9"," 0","999.9"," 0","  1.7","24","  6.0","24","  9.7","999.9","  41.0","*","  35.6","*","99.99"," ","999.9","010000"
"57036099999","2021-01-25","34.447119","108.751592","479.14","XIANYANG, CH","  35.4","24","  24.1","24","9999.9"," 0","999.9"," 0","  5.2","24","  3.9","24","  9.7","999.9","  50.0","*","  23.0","*"," 0.00","I","999.9","000000"
"57036099999","2021-01-26","34.447119","108.751592","479.14","XIANYANG, CH","  36.9","24","  26.1","24","9999.9"," 0","999.9"," 0","  4.2","24","  3.9","24","  5.8","999.9","  48.2","*","  28.4","*"," 0.00","I","999.9","000000"
"57036099999","2021-01-27","34.447119","108.751592","479.14","XIANYANG, CH","  39.9","24","  16.6","24","9999.9"," 0","999.9"," 0","  5.2","24","  6.9","24"," 13.6","999.9","  55.4","*","  21.2","*"," 0.00","I","999.9","000000"
"57036099999","2021-01-28","34.447119","108.751592","479.14","XIANYANG, CH","  33.4","24","  12.3","24","9999.9"," 0","999.9"," 0","  6.2","24","  2.8","24","  5.8","999.9","  51.8","*","  17.6","*"," 0.00","I","999.9","000000"
"57036099999","2021-01-29","34.447119","108.751592","479.14","XIANYANG, CH","  34.2","24","  16.9","24","9999.9"," 0","999.9"," 0","  5.7","24","  3.2","24","  5.8","999.9","  50.0","*","  19.4","*"," 0.00","I","999.9","000000"
"57036099999","2021-01-30","34.447119","108.751592","479.14","XIANYANG, CH","  36.6","24","  13.6","24","9999.9"," 0","999.9"," 0","  6.2","24","  3.1","24","  5.8","999.9","  55.4","*","  19.4","*"," 0.00","I","999.9","000000"
"57036099999","2021-01-31","34.447119","108.751592","479.14","XIANYANG, CH","  35.9","24","  17.3","24","9999.9"," 0","999.9"," 0","  6.2","24","  3.4","24","  5.8","999.9","  53.6","*","  17.6","*"," 0.00","I","999.9","000000"
"57036099999","2021-02-01","34.447119","108.751592","479.14","XIANYANG, CH","  40.9","24","  13.6","24","9999.9"," 0","999.9"," 0","  6.1","24","  4.9","24"," 13.6","999.9","  59.0","*","  19.4","*"," 0.00","I","999.9","000000"
"57036099999","2021-02-02","34.447119","108.751592","479.14","XIANYANG, CH","  32.3","23","  11.2","23","9999.9"," 0","999.9"," 0","  5.9","23","  4.6","23","  9.7","999.9","  48.2","*","  19.4","*"," 0.00","I","999.9","000000"
"57036099999","2021-02-03","34.447119","108.751592","479.14","XIANYANG, CH","  40.4","24","  11.4","24","9999.9"," 0","999.9"," 0","  5.6","24","  5.7","24"," 11.7","999.9","  59.0","*","  21.2","*"," 0.00","I","999.9","000000"
"57036099999","2021-02-04","34.447119","108.751592","479.14","XIANYANG, CH","  38.7","24","  15.1","24","9999.9"," 0","999.9"," 0","  6.0","24","  4.8","24","  7.8","999.9","  50.0","*","  24.8","*"," 0.00","I","999.9","000000"
"57036099999","2021-02-05","34.447119","108.751592","479.14","XIANYANG, CH","  41.0","24","  16.0","24","9999.9"," 0","999.9"," 0","  5.9","24","  4.9","24"," 11.7","999.9","  62.6","*","  21.2","*"," 0.00","I","999.9","000000"
"57036099999","2021-02-06","34.447119","108.751592","479.14","XIANYANG, CH","  43.0","24","  19.0","24","9999.9"," 0","999.9"," 0","  5.8","24","  3.7","24","  5.8","999.9","  64.4","*","  23.0","*"," 0.00","I","999.9","000000"
"57036099999","2021-02-07","34.447119","108.751592","479.14","XIANYANG, CH","  41.7","24","  19.0","24","9999.9"," 0","999.9"," 0","  6.2","24","  5.9","24","  9.7","999.9","  59.0","*","  26.6","*"," 0.00","I","999.9","000000"
"57036099999","2021-02-08","34.447119","108.751592","479.14","XIANYANG, CH","  36.3","24","  21.7","24","9999.9"," 0","999.9"," 0","  5.3","24","  5.4","24"," 13.6","999.9","  51.8","*","  23.0","*"," 0.00","I","999.9","000000"
"57036099999","2021-02-09","34.447119","108.751592","479.14","XIANYANG, CH","  36.0","22","  24.9","22","9999.9"," 0","999.9"," 0","  3.0","22","  3.3","22","  7.8","999.9","  55.4","*","  21.2","*"," 0.00","I","999.9","000000"
"57036099999","2021-02-10","34.447119","108.751592","479.14","XIANYANG, CH","  46.0","13","  28.0","13","9999.9"," 0","999.9"," 0","  2.4","13","  5.8","13","  9.7","999.9","  57.2","*","  23.0","*"," 0.00","I","999.9","000000"
"57036099999","2021-02-13","34.447119","108.751592","479.14","XIANYANG, CH","  33.4","14","  33.2","14","9999.9"," 0","999.9"," 0","  1.9","14","  2.9","14","  5.8","999.9","  48.2","*","  28.4","*"," 0.00","I","999.9","100000"
"57036099999","2021-02-14","34.447119","108.751592","479.14","XIANYANG, CH","  38.7","24","  38.2","24","9999.9"," 0","999.9"," 0","  1.5","24","  3.6","24","  9.7","999.9","  46.4","*","  32.0","*"," 0.00","I","999.9","100000"
"57036099999","2021-02-15","34.447119","108.751592","479.14","XIANYANG, CH","  36.1","24","  24.3","24","9999.9"," 0","999.9"," 0","  5.4","24","  4.5","24","  7.8","999.9","  50.0","*","  26.6","*"," 0.00","I","999.9","000000"
"57036099999","2021-02-16","34.447119","108.751592","479.14","XIANYANG, CH","  44.6","24","  16.6","24","9999.9"," 0","999.9"," 0","  6.2","24","  5.4","24","  9.7"," 15.5","  64.4","*","  24.8","*"," 0.00","I","999.9","000000"
"57036099999","2021-02-17","34.447119","108.751592","479.14","XIANYANG, CH","  41.5","24","  19.9","24","9999.9"," 0","999.9"," 0","  6.1","24","  3.1","24","  5.8","999.9","  60.8","*","  24.8","*"," 0.00","I","999.9","000000"
"57036099999","2021-02-18","34.447119","108.751592","479.14","XIANYANG, CH","  42.6","24","  21.5","24","9999.9"," 0","999.9"," 0","  5.6","24","  3.4","24","  5.8","999.9","  62.6","*","  24.8","*"," 0.00","I","999.9","000000"
"57036099999","2021-02-19","34.447119","108.751592","479.14","XIANYANG, CH","  58.9","12","  26.6","12","9999.9"," 0","999.9"," 0","  5.8","12","  4.4","12","  7.8","999.9","  69.8","*","9999.9"," "," 0.00","I","999.9","000000"
"57036099999","2021-02-21","34.447119","108.751592","479.14","XIANYANG, CH","  37.4"," 6","  24.2"," 6","9999.9"," 0","999.9"," 0","  6.2"," 6","  3.2"," 6","  7.8","999.9","  44.6","*","  32.0","*"," 0.00","I","999.9","000000"
"57036099999","2021-02-22","34.447119","108.751592","479.14","XIANYANG, CH","  56.3","24","  26.4","24","9999.9"," 0","999.9"," 0","  6.0","24","  7.1","24"," 13.6","999.9","  68.0","*","  44.6","*"," 0.00","I","999.9","000000"
"57036099999","2021-02-23","34.447119","108.751592","479.14","XIANYANG, CH","  53.1","24","  30.7","24","9999.9"," 0","999.9"," 0","  5.6","24"," 15.4","24"," 21.4","999.9","  62.6","*","  44.6","*"," 0.00","I","999.9","000000"
"57036099999","2021-02-24","34.447119","108.751592","479.14","XIANYANG, CH","  36.6","24","  34.6","24","9999.9"," 0","999.9"," 0","  2.7","24","  5.7","24"," 11.7","999.9","  44.6","*","  33.8","*","99.99"," ","999.9","011000"
"57036099999","2021-02-25","34.447119","108.751592","479.14","XIANYANG, CH","  36.8","24","  35.9","24","9999.9"," 0","999.9"," 0","  1.9","24","  3.6","24","  7.8","999.9","  41.0","*","  33.8","*","99.99"," ","999.9","010000"
"57036099999","2021-02-26","34.447119","108.751592","479.14","XIANYANG, CH","  39.4","24","  35.0","24","9999.9"," 0","999.9"," 0","  2.1","24","  8.3","24"," 11.7","999.9","  42.8","*","  35.6","*","99.99"," ","999.9","010000"
"57036099999","2021-02-27","34.447119","108.751592","479.14","XIANYANG, CH","  42.5","24","  37.7","24","9999.9"," 0","999.9"," 0","  2.4","24","  7.4","24"," 15.5","999.9","  48.2","*","  35.6","*","99.99"," ","999.9","010000"
"57036099999","2021-02-28","34.447119","108.751592","479.14","XIANYANG, CH","  39.9","24","  36.5","24","9999.9"," 0","999.9"," 0","  3.7","24","  7.3","24"," 11.7","999.9","  41.0","*","  39.2","*","99.99"," ","999.9","010000"
"57036099999","2021-03-01","34.447119","108.751592","479.14","XIANYANG, CH","  40.3","24","  27.3","24","9999.9"," 0","999.9"," 0","  6.2","24","  5.4","24"," 11.7","999.9","  53.6","*","  26.6","*"," 0.00","I","999.9","000000"
"57036099999","2021-03-02","34.447119","108.751592","479.14","XIANYANG, CH","  44.0","24","  32.9","24","9999.9"," 0","999.9"," 0","  6.1","24","  4.9","24","  9.7","999.9","  55.4","*","  32.0","*"," 0.00","I","999.9","000000"
"57036099999","2021-03-03","34.447119","108.751592","479.14","XIANYANG, CH","  47.4","24","  35.1","24","9999.9"," 0","999.9"," 0","  5.5","24","  3.0","24","  5.8","999.9","  64.4","*","  32.0","*"," 0.00","I","999.9","000000"
"57036099999","2021-03-04","34.447119","108.751592","479.14","XIANYANG, CH","  50.6","24","  40.2","24","9999.9"," 0","999.9"," 0","  4.7","24","  3.6","24","  9.7","999.9","  62.6","*","  35.6","*"," 0.00","I","999.9","000000"
"57036099999","2021-03-05","34.447119","108.751592","479.14","XIANYANG, CH","  52.7","24","  42.5","24","9999.9"," 0","999.9"," 0","  3.5","24","  4.2","24"," 13.6","999.9","  64.4","*","  41.0","*"," 0.00","I","999.9","000000"
"57036099999","2021-03-06","34.447119","108.751592","479.14","XIANYANG, CH","  47.2","24","  39.8","24","9999.9"," 0","999.9"," 0","  2.5","24","  8.9","24"," 13.6","999.9","  55.4","*","  35.6","*"," 0.00","I","999.9","000000"
"57036099999","2021-03-07","34.447119","108.751592","479.14","XIANYANG, CH","  47.2","24","  38.2","24","9999.9"," 0","999.9"," 0","  3.6","24","  7.0","24"," 11.7","999.9","  53.6","*","  35.6","*","99.99"," ","999.9","010000"
"57036099999","2021-03-08","34.447119","108.751592","479.14","XIANYANG, CH","  44.8","24","  40.1","24","9999.9"," 0","999.9"," 0","  3.0","24","  6.1","24"," 11.7","999.9","  48.2","*","  39.2","*","99.99"," ","999.9","010000"
"57036099999","2021-03-09","34.447119","108.751592","479.14","XIANYANG, CH","  44.8","24","  39.5","24","9999.9"," 0","999.9"," 0","  2.4","24","  3.9","24","  5.8","999.9","  53.6","*","  35.6","*"," 0.00","I","999.9","000000"
"57036099999","2021-03-10","34.447119","108.751592","479.14","XIANYANG, CH","  44.7","24","  43.6","24","9999.9"," 0","999.9"," 0","  1.2","24","  2.6","24","  5.8","999.9","  46.4","*","  42.8","*","99.99"," ","999.9","010000"
"57036099999","2021-03-11","34.447119","108.751592","479.14","XIANYANG, CH","  47.8","24","  42.0","24","9999.9"," 0","999.9"," 0","  2.9","24","  4.1","24","  7.8","999.9","  59.0","*","  33.8","*"," 0.00","I","999.9","000000"
"57036099999","2021-03-12","34.447119","108.751592","479.14","XIANYANG, CH","  52.4","24","  45.4","24","9999.9"," 0","999.9"," 0","  2.7","24","  4.6","24","  9.7","999.9","  62.6","*","  37.4","*"," 0.00","I","999.9","000000"
"57036099999","2021-03-13","34.447119","108.751592","479.14","XIANYANG, CH","  55.5","24","  48.5","24","9999.9"," 0","999.9"," 0","  2.9","24"," 10.4","24"," 13.6","999.9","  66.2","*","  46.4","*"," 0.00","I","999.9","000000"
"57036099999","2021-03-14","34.447119","108.751592","479.14","XIANYANG, CH","  51.5","24","  46.7","24","9999.9"," 0","999.9"," 0","  2.4","24","  3.0","24","  5.8","999.9","  62.6","*","  39.2","*"," 0.00","I","999.9","000000"
"57036099999","2021-03-15","34.447119","108.751592","479.14","XIANYANG, CH","  59.3","24","  51.2","24","9999.9"," 0","999.9"," 0","  2.4","24","  8.2","24"," 15.5","999.9","  71.6","*","  42.8","*"," 0.00","I","999.9","000000"
"57036099999","2021-03-16","34.447119","108.751592","479.14","XIANYANG, CH","  57.4","24","  40.1","24","9999.9"," 0","999.9"," 0","  2.6","24"," 12.5","24"," 17.5","999.9","  64.4","*","  50.0","*"," 0.00","I","999.9","000000"
"57036099999","2021-03-17","34.447119","108.751592","479.14","XIANYANG, CH","  55.1","24","  38.6","24","9999.9"," 0","999.9"," 0","  3.4","24"," 11.7","24"," 17.5","999.9","  60.8","*","  48.2","*"," 0.00","I","999.9","000000"
"57036099999","2021-03-18","34.447119","108.751592","479.14","XIANYANG, CH","  46.6","23","  38.1","23","9999.9"," 0","999.9"," 0","  4.5","23","  9.8","23"," 15.5","999.9","  50.0","*","  42.8","*","99.99"," ","999.9","010000"
"57036099999","2021-03-19","34.447119","108.751592","479.14","XIANYANG, CH","  45.5","24","  39.4","24","9999.9"," 0","999.9"," 0","  4.6","24","  6.4","24"," 11.7","999.9","  50.0","*","  41.0","*","99.99"," ","999.9","010000"
"57036099999","2021-03-20","34.447119","108.751592","479.14","XIANYANG, CH","  46.9","24","  29.7","24","9999.9"," 0","999.9"," 0","  3.9","24","  4.5","24","  7.8","999.9","  53.6","*","  37.4","*"," 0.00","I","999.9","000000"
"57036099999","2021-03-21","34.447119","108.751592","479.14","XIANYANG, CH","  41.0","24","  24.0","24","9999.9"," 0","999.9"," 0","  6.2","24","  4.0","24","  7.8","999.9","  53.6","*","  26.6","*"," 0.00","I","999.9","000000"
"57036099999","2021-03-22","34.447119","108.751592","479.14","XIANYANG, CH","  45.7","24","  28.7","24","9999.9"," 0","999.9"," 0","  6.1","24","  3.4","24","  5.8","999.9","  62.6","*","  32.0","*"," 0.00","I","999.9","000000"
"57036099999","2021-03-23","34.447119","108.751592","479.14","XIANYANG, CH","  51.6","24","  34.0","24","9999.9"," 0","999.9"," 0","  5.4","24","  3.6","24","  5.8","999.9","  69.8","*","  35.6","*"," 0.00","I","999.9","000000"
"57036099999","2021-03-24","34.447119","108.751592","479.14","XIANYANG, CH","  61.0","23","  39.0","23","9999.9"," 0","999.9"," 0","  4.0","23","  6.1","23"," 13.6","999.9","  69.8","*","  44.6","*"," 0.00","I","999.9","000000"
"57036099999","2021-03-25","34.447119","108.751592","479.14","XIANYANG, CH","  59.5","24","  45.3","24","9999.9"," 0","999.9"," 0","  3.3","24","  8.7","24"," 19.4","999.9","  66.2","*","  53.6","*","99.99"," ","999.9","010000"
"57036099999","2021-03-26","34.447119","108.751592","479.14","XIANYANG, CH","  50.4","24","  45.6","24","9999.9"," 0","999.9"," 0","  5.3","24","  4.9","24"," 11.7","999.9","  60.8","*","  39.2","*","99.99"," ","999.9","010000"
"57036099999","2021-03-27","34.447119","108.751592","479.14","XIANYANG, CH","  57.2","24","  38.5","24","9999.9"," 0","999.9"," 0","  6.1","24","  3.6","24","  5.8","999.9","  77.0","*","  41.0","*"," 0.00","I","999.9","000000"
"57036099999","2021-03-28","34.447119","108.751592","479.14","XIANYANG, CH","  63.9","24","  36.3","24","9999.9"," 0","999.9"," 0","  3.2","24","  8.3","24"," 15.5","999.9","  73.4","*","  50.0","*"," 0.00","I","999.9","000000"
"57036099999","2021-03-29","34.447119","108.751592","479.14","XIANYANG, CH","  61.1","24","  42.9","24","9999.9"," 0","999.9"," 0","  3.1","24","  9.7","24"," 13.6"," 19.4","  69.8","*","  53.6","*"," 0.00","I","999.9","000000"
"57036099999","2021-03-30","34.447119","108.751592","479.14","XIANYANG, CH","  61.0","24","  45.7","24","9999.9"," 0","999.9"," 0","  4.4","24"," 12.1","24"," 17.5"," 23.3","  66.2","*","  55.4","*"," 0.00","I","999.9","000000"
"57036099999","2021-03-31","34.447119","108.751592","479.14","XIANYANG, CH","  54.7","24","  46.8","24","9999.9"," 0","999.9"," 0","  4.6","24","  8.6","24"," 15.5","999.9","  60.8","*","  50.0","*","99.99"," ","999.9","010000"
"57036099999","2021-04-01","34.447119","108.751592","479.14","XIANYANG, CH","  48.9","24","  47.7","24","9999.9"," 0","999.9"," 0","  4.2","24","  5.3","24","  9.7","999.9","  50.0","*","  48.2","*","99.99"," ","999.9","010000"
"57036099999","2021-04-02","34.447119","108.751592","479.14","XIANYANG, CH","  49.7","24","  48.4","24","9999.9"," 0","999.9"," 0","  4.3","24","  3.5","24","  5.8","999.9","  51.8","*","  48.2","*","99.99"," ","999.9","010000"
"57036099999","2021-04-03","34.447119","108.751592","479.14","XIANYANG, CH","  52.3","24","  47.5","24","9999.9"," 0","999.9"," 0","  3.8","24","  5.7","24"," 11.7","999.9","  55.4","*","  50.0","*","99.99"," ","999.9","010000"
"57036099999","2021-04-04","34.447119","108.751592","479.14","XIANYANG, CH","  50.4","24","  40.4","24","9999.9"," 0","999.9"," 0","  5.1","24"," 11.8","24"," 17.5","999.9","  53.6","*","  46.4","*"," 0.00","I","999.9","000000"
"57036099999","2021-04-05","34.447119","108.751592","479.14","XIANYANG, CH","  54.1","24","  41.1","24","9999.9"," 0","999.9"," 0","  6.2","24","  7.0","24"," 11.7","999.9","  64.4","*","  42.8","*"," 0.00","I","999.9","000000"
"57036099999","2021-04-06","34.447119","108.751592","479.14","XIANYANG, CH","  54.4","24","  42.6","24","9999.9"," 0","999.9"," 0","  5.5","24","  3.9","24","  7.8","999.9","  60.8","*","  50.0","*"," 0.00","I","999.9","000000"
"57036099999","2021-04-07","34.447119","108.751592","479.14","XIANYANG, CH","  55.4","24","  47.6","24","9999.9"," 0","999.9"," 0","  2.5","24","  3.2","24","  7.8","999.9","  64.4","*","  44.6","*"," 0.00","I","999.9","000000"
"57036099999","2021-04-08","34.447119","108.751592","479.14","XIANYANG, CH","  60.5","24","  42.3","24","9999.9"," 0","999.9"," 0","  5.0","24","  9.7","24"," 13.6","999.9","  69.8","*","  51.8","*"," 0.00","I","999.9","000000"
"57036099999","2021-04-09","34.447119","108.751592","479.14","XIANYANG, CH","  55.6","24","  43.9","24","9999.9"," 0","999.9"," 0","  4.4","24","  5.7","24"," 11.7","999.9","  62.6","*","  50.0","*"," 0.00","I","999.9","000000"
"57036099999","2021-04-10","34.447119","108.751592","479.14","XIANYANG, CH","  56.8","24","  47.2","24","9999.9"," 0","999.9"," 0","  3.5","24","  5.2","24"," 11.7","999.9","  62.6","*","  51.8","*","99.99"," ","999.9","010000"
"57036099999","2021-04-11","34.447119","108.751592","479.14","XIANYANG, CH","  56.1","24","  47.2","24","9999.9"," 0","999.9"," 0","  3.5","24","  3.8","24","  5.8","999.9","  66.2","*","  44.6","*"," 0.00","I","999.9","000000"
"57036099999","2021-04-12","34.447119","108.751592","479.14","XIANYANG, CH","  63.7","24","  47.1","24","9999.9"," 0","999.9"," 0","  5.6","24","  6.9","24"," 11.7","999.9","  73.4","*","  51.8","*"," 0.00","I","999.9","000000"
"57036099999","2021-04-13","34.447119","108.751592","479.14","XIANYANG, CH","  52.7","24","  40.3","24","9999.9"," 0","999.9"," 0","  6.1","24","  6.7","24"," 13.6","999.9","  62.6","*","  41.0","*","99.99"," ","999.9","010000"
"57036099999","2021-04-14","34.447119","108.751592","479.14","XIANYANG, CH","  51.7","24","  42.4","24","9999.9"," 0","999.9"," 0","  5.2","24","  4.9","24","  7.8","999.9","  60.8","*","  42.8","*"," 0.00","I","999.9","000000"
"57036099999","2021-04-15","34.447119","108.751592","479.14","XIANYANG, CH","  55.6","24","  40.9","24","9999.9"," 0","999.9"," 0","  5.0","24","  6.2","24"," 11.7","999.9","  69.8","*","  41.0","*"," 0.00","I","999.9","000000"
"57036099999","2021-04-16","34.447119","108.751592","479.14","XIANYANG, CH","  61.1","24","  28.9","24","9999.9"," 0","999.9"," 0","  5.8","24","  7.0","24"," 11.7","999.9","  75.2","*","  44.6","*"," 0.00","I","999.9","000000"
"57036099999","2021-04-17","34.447119","108.751592","479.14","XIANYANG, CH","  58.9","24","  28.6","24","9999.9"," 0","999.9"," 0","  6.2","24","  7.7","24"," 15.5","999.9","  68.0","*","  50.0","*"," 0.00","I","999.9","000000"
"57036099999","2021-04-18","34.447119","108.751592","479.14","XIANYANG, CH","  63.5","24","  41.3","24","9999.9"," 0","999.9"," 0","  6.2","24","  5.4","24","  7.8","999.9","  75.2","*","  50.0","*"," 0.00","I","999.9","000000"
"57036099999","2021-04-19","34.447119","108.751592","479.14","XIANYANG, CH","  64.1","24","  51.9","24","9999.9"," 0","999.9"," 0","  4.7","24","  4.9","24"," 11.7","999.9","  75.2","*","  57.2","*","99.99"," ","999.9","010000"
"57036099999","2021-04-20","34.447119","108.751592","479.14","XIANYANG, CH","  58.6","24","  56.1","24","9999.9"," 0","999.9"," 0","  2.6","24","  4.6","24","  9.7","999.9","  62.6","*","  55.4","*","99.99"," ","999.9","010000"
"57036099999","2021-04-21","34.447119","108.751592","479.14","XIANYANG, CH","  57.4","24","  53.6","24","9999.9"," 0","999.9"," 0","  4.1","24","  7.1","24","  9.7","999.9","  60.8","*","  53.6","*"," 0.00","I","999.9","000000"
"57036099999","2021-04-22","34.447119","108.751592","479.14","XIANYANG, CH","  61.2","24","  54.0","24","9999.9"," 0","999.9"," 0","  4.1","24","  7.7","24"," 13.6","999.9","  68.0","*","  55.4","*","99.99"," ","999.9","010000"
"57036099999","2021-04-23","34.447119","108.751592","479.14","XIANYANG, CH","  57.0","24","  54.3","24","9999.9"," 0","999.9"," 0","  1.7","24"," 13.7","24"," 15.5","999.9","  60.8","*","  55.4","*","99.99"," ","999.9","010000"
"57036099999","2021-04-24","34.447119","108.751592","479.14","XIANYANG, CH","  54.6","24","  51.6","24","9999.9"," 0","999.9"," 0","  4.6","24"," 11.3","24"," 15.5","999.9","  57.2","*","  51.8","*","99.99"," ","999.9","010000"
"57036099999","2021-04-25","34.447119","108.751592","479.14","XIANYANG, CH","  53.4","24","  51.6","24","9999.9"," 0","999.9"," 0","  1.5","24","  4.8","24","  9.7","999.9","  57.2","*","  50.0","*","99.99"," ","999.9","110000"
"57036099999","2021-04-26","34.447119","108.751592","479.14","XIANYANG, CH","  57.7","24","  52.4","24","9999.9"," 0","999.9"," 0","  5.0","24","  4.3","24","  9.7","999.9","  66.2","*","  51.8","*"," 0.00","I","999.9","000000"
"57036099999","2021-04-27","34.447119","108.751592","479.14","XIANYANG, CH","  58.6","24","  49.0","24","9999.9"," 0","999.9"," 0","  5.4","24","  5.5","24"," 13.6"," 23.3","  71.6","*","  44.6","*","99.99"," ","999.9","010000"
"57036099999","2021-04-28","34.447119","108.751592","479.14","XIANYANG, CH","  62.4","24","  41.5","24","9999.9"," 0","999.9"," 0","  6.2","24","  8.0","24"," 13.6"," 19.4","  77.0","*","  51.8","*"," 0.00","I","999.9","000000"
"57036099999","2021-04-29","34.447119","108.751592","479.14","XIANYANG, CH","  71.7","24","  47.1","24","9999.9"," 0","999.9"," 0","  6.2","24","  7.4","24"," 15.5"," 23.3","  87.8","*","  59.0","*"," 0.00","I","999.9","000000"
"57036099999","2021-04-30","34.447119","108.751592","479.14","XIANYANG, CH","  73.2","24","  42.6","24","9999.9"," 0","999.9"," 0","  6.2","24","  7.8","24"," 17.5"," 25.3","  91.4","*","  57.2","*"," 0.00","I","999.9","000000"
"57036099999","2021-05-01","34.447119","108.751592","479.14","XIANYANG, CH","  70.8","24","  49.2","24","9999.9"," 0","999.9"," 0","  6.2","24","  6.9","24"," 19.4","999.9","  84.2","*","  62.6","*"," 0.00","I","999.9","000000"
"57036099999","2021-05-02","34.447119","108.751592","479.14","XIANYANG, CH","  55.9","24","  50.3","24","9999.9"," 0","999.9"," 0","  4.4","24"," 10.8","24"," 21.4"," 23.3","  66.2","*","  51.8","*","99.99"," ","999.9","010010"
"57036099999","2021-05-03","34.447119","108.751592","479.14","XIANYANG, CH","  61.0","24","  52.6","24","9999.9"," 0","999.9"," 0","  4.1","24","  4.6","24","  9.7","999.9","  68.0","*","  53.6","*","99.99"," ","999.9","010000"
"57036099999","2021-05-04","34.447119","108.751592","479.14","XIANYANG, CH","  62.6","24","  40.5","24","9999.9"," 0","999.9"," 0","  6.2","24","  5.5","24"," 13.6","999.9","  75.2","*","  46.4","*"," 0.00","I","999.9","000000"
"57036099999","2021-05-05","34.447119","108.751592","479.14","XIANYANG, CH","  66.7","24","  46.9","24","9999.9"," 0","999.9"," 0","  6.2","24","  5.7","24","  9.7","999.9","  78.8","*","  53.6","*"," 0.00","I","999.9","000000"
"57036099999","2021-05-06","34.447119","108.751592","479.14","XIANYANG, CH","  73.8","24","  43.2","24","9999.9"," 0","999.9"," 0","  6.0","24","  6.6","24"," 13.6","999.9","  89.6","*","  62.6","*"," 0.00","I","999.9","000000"
"57036099999","2021-05-07","34.447119","108.751592","479.14","XIANYANG, CH","  64.8","24","  38.2","24","9999.9"," 0","999.9"," 0","  4.3","24","  4.1","24","  7.8","999.9","  77.0","*","  51.8","*"," 0.00","I","999.9","000000"
"57036099999","2021-05-08","34.447119","108.751592","479.14","XIANYANG, CH","  73.9","24","  54.2","24","9999.9"," 0","999.9"," 0","  5.9","24","  4.2","24","  7.8","999.9","  91.4","*","  57.2","*"," 0.00","I","999.9","000000"
"57036099999","2021-05-09","34.447119","108.751592","479.14","XIANYANG, CH","  74.9","24","  59.2","24","9999.9"," 0","999.9"," 0","  6.1","24","  3.8","24","  7.8","999.9","  89.6","*","  60.8","*"," 0.00","I","999.9","000000"
"57036099999","2021-05-10","34.447119","108.751592","479.14","XIANYANG, CH","  76.8","24","  58.5","24","9999.9"," 0","999.9"," 0","  5.8","24","  8.4","24"," 11.7","999.9","  86.0","*","  66.2","*"," 0.00","I","999.9","000000"
"57036099999","2021-05-11","34.447119","108.751592","479.14","XIANYANG, CH","  68.9","24","  53.4","24","9999.9"," 0","999.9"," 0","  5.9","24","  3.1","24","  7.8","999.9","  78.8","*","  59.0","*"," 0.00","I","999.9","000000"
"57036099999","2021-05-12","34.447119","108.751592","479.14","XIANYANG, CH","  74.7","24","  59.8","24","9999.9"," 0","999.9"," 0","  5.8","24","  7.9","24"," 13.6","999.9","  84.2","*","  66.2","*"," 0.00","I","999.9","000000"
"57036099999","2021-05-13","34.447119","108.751592","479.14","XIANYANG, CH","  75.7","24","  61.7","24","9999.9"," 0","999.9"," 0","  5.7","24"," 12.6","24"," 15.5","999.9","  86.0","*","  68.0","*","99.99"," ","999.9","010000"
"57036099999","2021-05-14","34.447119","108.751592","479.14","XIANYANG, CH","  68.8","24","  61.3","24","9999.9"," 0","999.9"," 0","  5.1","24"," 13.2","24"," 19.4"," 27.2","  80.6","*","  59.0","*","99.99"," ","999.9","010000"
"57036099999","2021-05-15","34.447119","108.751592","479.14","XIANYANG, CH","  60.4","24","  53.4","24","9999.9"," 0","999.9"," 0","  5.9","24"," 11.1","24"," 13.6"," 23.3","  64.4","*","  59.0","*","99.99"," ","999.9","010000"
"57036099999","2021-05-16","34.447119","108.751592","479.14","XIANYANG, CH","  60.5","24","  49.0","24","9999.9"," 0","999.9"," 0","  6.2","24","  5.6","24","  9.7","999.9","  68.0","*","  50.0","*"," 0.00","I","999.9","000000"
"57036099999","2021-05-17","34.447119","108.751592","479.14","XIANYANG, CH","  63.5","24","  51.4","24","9999.9"," 0","999.9"," 0","  6.1","24","  3.4","24","  5.8","999.9","  75.2","*","  51.8","*"," 0.00","I","999.9","000000"
"57036099999","2021-05-18","34.447119","108.751592","479.14","XIANYANG, CH","  69.9","23","  51.8","23","9999.9"," 0","999.9"," 0","  6.2","23","  4.6","23","  9.7","999.9","  80.6","*","  60.8","*"," 0.00","I","999.9","000000"
"57036099999","2021-05-19","34.447119","108.751592","479.14","XIANYANG, CH","  68.1","24","  53.4","24","9999.9"," 0","999.9"," 0","  6.2","24","  7.0","24"," 13.6","999.9","  80.6","*","  53.6","*"," 0.00","I","999.9","000000"
"57036099999","2021-05-20","34.447119","108.751592","479.14","XIANYANG, CH","  69.7","24","  54.5","24","9999.9"," 0","999.9"," 0","  6.2","24","  3.6","24","  7.8","999.9","  82.4","*","  57.2","*"," 0.00","I","999.9","000000"
"57036099999","2021-05-21","34.447119","108.751592","479.14","XIANYANG, CH","  71.5","24","  58.6","24","9999.9"," 0","999.9"," 0","  5.9","24","  3.0","24","  5.8","999.9","  78.8","*","  62.6","*"," 0.00","I","999.9","000000"
"57036099999","2021-05-22","34.447119","108.751592","479.14","XIANYANG, CH","  67.3","24","  56.2","24","9999.9"," 0","999.9"," 0","  5.7","24","  8.5","24"," 15.5","999.9","  86.0","*","  55.4","*","99.99"," ","999.9","010000"
"57036099999","2021-05-23","34.447119","108.751592","479.14","XIANYANG, CH","  63.6","24","  48.7","24","9999.9"," 0","999.9"," 0","  6.2","24","  5.5","24","  9.7","999.9","  73.4","*","  53.6","*"," 0.00","I","999.9","000000"
"57036099999","2021-05-24","34.447119","108.751592","479.14","XIANYANG, CH","  70.4","24","  52.7","24","9999.9"," 0","999.9"," 0","  6.2","24","  5.5","24","  9.7","999.9","  84.2","*","  59.0","*"," 0.00","I","999.9","000000"
"57036099999","2021-05-25","34.447119","108.751592","479.14","XIANYANG, CH","  68.4","24","  52.7","24","9999.9"," 0","999.9"," 0","  6.2","24","  4.8","24","  7.8","999.9","  77.0","*","  60.8","*"," 0.00","I","999.9","000000"
"57036099999","2021-05-26","34.447119","108.751592","479.14","XIANYANG, CH","  71.2","24","  51.1","23","9999.9"," 0","999.9"," 0","  6.2","24","  7.0","24"," 15.5","999.9","  89.6","*","  53.6","*"," 0.00","I","999.9","000000"
"57036099999","2021-05-27","34.447119","108.751592","479.14","XIANYANG, CH","  74.2","24","  54.7","24","9999.9"," 0","999.9"," 0","  6.2","24","  4.9","24","  9.7","999.9","  86.0","*","  62.6","*"," 0.00","I","999.9","000000"
"57036099999","2021-05-28","34.447119","108.751592","479.14","XIANYANG, CH","  73.8","24","  48.0","24","9999.9"," 0","999.9"," 0","  6.2","24","  3.2","24","  5.8","999.9","  86.0","*","  62.6","*"," 0.00","I","999.9","000000"
"57036099999","2021-05-29","34.447119","108.751592","479.14","XIANYANG, CH","  77.1","24","  59.1","24","9999.9"," 0","999.9"," 0","  6.2","24","  4.2","24"," 11.7","999.9","  91.4","*","  60.8","*"," 0.00","I","999.9","000000"
"57036099999","2021-05-30","34.447119","108.751592","479.14","XIANYANG, CH","  83.4","24","  57.3","24","9999.9"," 0","999.9"," 0","  6.2","24","  5.2","24","  9.7","999.9","  98.6","*","  69.8","*"," 0.00","I","999.9","000000"
"57036099999","2021-05-31","34.447119","108.751592","479.14","XIANYANG, CH","  77.0","24","  62.1","24","9999.9"," 0","999.9"," 0","  6.2","24","  4.8","24"," 13.6","999.9","  91.4","*","  68.0","*","99.99"," ","999.9","010000"
"57036099999","2021-06-01","34.447119","108.751592","479.14","XIANYANG, CH","  76.5","24","  59.9","24","9999.9"," 0","999.9"," 0","  6.2","24","  4.0","24","  5.8","999.9","  86.0","*","  66.2","*"," 0.00","I","999.9","000000"
"57036099999","2021-06-02","34.447119","108.751592","479.14","XIANYANG, CH","  73.1","24","  61.0","24","9999.9"," 0","999.9"," 0","  6.1","24","  6.6","24"," 17.5","999.9","  91.4","*","  62.6","*","99.99"," ","999.9","010010"
"57036099999","2021-06-03","34.447119","108.751592","479.14","XIANYANG, CH","  67.8","24","  50.6","24","9999.9"," 0","999.9"," 0","  6.2","24","  6.1","24"," 13.6","999.9","  80.6","*","  53.6","*"," 0.00","I","999.9","000000"
"57036099999","2021-06-04","34.447119","108.751592","479.14","XIANYANG, CH","  74.4","24","  49.2","24","9999.9"," 0","999.9"," 0","  6.2","24","  5.2","24","  9.7","999.9","  91.4","*","  59.0","*"," 0.00","I","999.9","000000"
"57036099999","2021-06-05","34.447119","108.751592","479.14","XIANYANG, CH","  80.9","24","  55.3","24","9999.9"," 0","999.9"," 0","  6.2","24","  5.4","24","  9.7","999.9","  98.6","*","  62.6","*"," 0.00","I","999.9","000000"
"57036099999","2021-06-06","34.447119","108.751592","479.14","XIANYANG, CH","  82.5","24","  58.5","24","9999.9"," 0","999.9"," 0","  6.2","24","  3.7","24","  5.8","999.9","  96.8","*","  69.8","*"," 0.00","I","999.9","000000"
"57036099999","2021-06-07","34.447119","108.751592","479.14","XIANYANG, CH","  84.4","24","  60.0","24","9999.9"," 0","999.9"," 0","  6.2","24","  5.6","24","  9.7","999.9","  96.8","*","  73.4","*"," 0.00","I","999.9","000000"
"57036099999","2021-06-08","34.447119","108.751592","479.14","XIANYANG, CH","  85.0","24","  62.8","24","9999.9"," 0","999.9"," 0","  6.2","24","  3.6","24","  7.8","999.9","  96.8","*","  75.2","*","99.99"," ","999.9","010000"
"57036099999","2021-06-09","34.447119","108.751592","479.14","XIANYANG, CH","  77.1","24","  62.1","24","9999.9"," 0","999.9"," 0","  5.9","24","  6.0","24","  9.7","999.9","  86.0","*","  68.0","*","99.99"," ","999.9","010000"
"57036099999","2021-06-10","34.447119","108.751592","479.14","XIANYANG, CH","  80.1","24","  60.4","24","9999.9"," 0","999.9"," 0","  6.2","24","  6.0","24"," 11.7","999.9","  89.6","*","  69.8","*"," 0.00","I","999.9","000000"
"57036099999","2021-06-11","34.447119","108.751592","479.14","XIANYANG, CH","  87.9","24","  61.1","24","9999.9"," 0","999.9"," 0","  6.2","24","  7.3","24"," 13.6"," 15.5","  95.0","*","  78.8","*"," 0.00","I","999.9","000000"
"57036099999","2021-06-12","34.447119","108.751592","479.14","XIANYANG, CH","  85.9","24","  63.8","24","9999.9"," 0","999.9"," 0","  6.2","24","  7.9","24"," 13.6","999.9","  93.2","*","  77.0","*"," 0.00","I","999.9","000000"
"57036099999","2021-06-13","34.447119","108.751592","479.14","XIANYANG, CH","  82.9","24","  69.3","24","9999.9"," 0","999.9"," 0","  6.2","24","  4.6","24","  9.7","999.9","  89.6","*","  78.8","*","99.99"," ","999.9","010000"
"57036099999","2021-06-14","34.447119","108.751592","479.14","XIANYANG, CH","  72.9","24","  70.5","24","9999.9"," 0","999.9"," 0","  4.0","24","  5.4","24","  9.7","999.9","  77.0","*","  69.8","*","99.99"," ","999.9","010000"
"57036099999","2021-06-15","34.447119","108.751592","479.14","XIANYANG, CH","  77.1","24","  71.2","24","9999.9"," 0","999.9"," 0","  2.8","24","  5.0","24"," 15.5","999.9","  84.2","*","  66.2","*","99.99"," ","999.9","010000"
"57036099999","2021-06-16","34.447119","108.751592","479.14","XIANYANG, CH","  64.7","24","  62.1","24","9999.9"," 0","999.9"," 0","  5.5","24"," 10.4","24"," 17.5","999.9","  66.2","*","  60.8","*","99.99"," ","999.9","010000"
"57036099999","2021-06-17","34.447119","108.751592","479.14","XIANYANG, CH","  61.6","24","  59.3","24","9999.9"," 0","999.9"," 0","  5.9","24","  7.4","24"," 11.7","999.9","  64.4","*","  59.0","*","99.99"," ","999.9","010000"
"57036099999","2021-06-18","34.447119","108.751592","479.14","XIANYANG, CH","  72.5","24","  62.1","24","9999.9"," 0","999.9"," 0","  6.2","24","  4.1","24","  7.8","999.9","  80.6","*","  64.4","*"," 0.00","I","999.9","000000"
"57036099999","2021-06-19","34.447119","108.751592","479.14","XIANYANG, CH","  77.8","24","  62.8","24","9999.9"," 0","999.9"," 0","  6.2","24","  3.4","24","  5.8"," 13.6","  86.0","*","  69.8","*"," 0.00","I","999.9","000000"
"57036099999","2021-06-20","34.447119","108.751592","479.14","XIANYANG, CH","  80.1","24","  62.2","24","9999.9"," 0","999.9"," 0","  6.2","24","  3.6","24","  5.8","999.9","  91.4","*","  69.8","*"," 0.00","I","999.9","000000"
"57036099999","2021-06-21","34.447119","108.751592","479.14","XIANYANG, CH","  80.4","24","  65.2","24","9999.9"," 0","999.9"," 0","  6.2","24","  3.5","24","  5.8","999.9","  93.2","*","  68.0","*"," 0.00","I","999.9","000000"
"57036099999","2021-06-22","34.447119","108.751592","479.14","XIANYANG, CH","  86.2","24","  62.2","24","9999.9"," 0","999.9"," 0","  6.2","24","  6.9","24","  9.7","999.9","  96.8","*","  77.0","*"," 0.00","I","999.9","000000"
"57036099999","2021-06-23","34.447119","108.751592","479.14","XIANYANG, CH","  79.9","24","  60.8","24","9999.9"," 0","999.9"," 0","  6.2","24","  7.4","24"," 11.7","999.9","  86.0","*","  73.4","*"," 0.00","I","999.9","000000"
"57036099999","2021-06-24","34.447119","108.751592","479.14","XIANYANG, CH","  78.0","24","  65.8","24","9999.9"," 0","999.9"," 0","  5.0","24","  5.6","24","  9.7","999.9","  86.0","*","  69.8","*","99.99"," ","999.9","010000"
"57036099999","2021-06-25","34.447119","108.751592","479.14","XIANYANG, CH","  75.6","24","  68.8","24","9999.9"," 0","999.9"," 0","  5.4","24","  3.2","24","  5.8","999.9","  82.4","*","  71.6","*"," 0.00","I","999.9","000000"
"57036099999","2021-06-26","34.447119","108.751592","479.14","XIANYANG, CH","  77.2","24","  69.8","24","9999.9"," 0","999.9"," 0","  3.3","24","  3.2","24","  5.8","999.9","  84.2","*","  71.6","*","99.99"," ","999.9","010000"
"57036099999","2021-06-27","34.447119","108.751592","479.14","XIANYANG, CH","  82.4","24","  69.2","24","9999.9"," 0","999.9"," 0","  6.0","24","  2.9","24","  5.8"," 13.6","  91.4","*","  71.6","*"," 0.00","I","999.9","000000"
"57036099999","2021-06-28","34.447119","108.751592","479.14","XIANYANG, CH","  84.4","24","  69.1","24","9999.9"," 0","999.9"," 0","  6.1","24","  3.6","24","  7.8","999.9","  96.8","*","  73.4","*"," 0.00","I","999.9","000000"
"57036099999","2021-06-29","34.447119","108.751592","479.14","XIANYANG, CH","  84.4","24","  69.0","24","9999.9"," 0","999.9"," 0","  6.1","24","  3.6","24","  7.8"," 17.5","  93.2","*","  77.0","*"," 0.00","I","999.9","000000"
"57036099999","2021-06-30","34.447119","108.751592","479.14","XIANYANG, CH","  84.0","24","  65.5","24","9999.9"," 0","999.9"," 0","  6.0","24","  7.7","24"," 19.4","999.9","  96.8","*","  69.8","*","99.99"," ","999.9","010000"
"57036099999","2021-07-01","34.447119","108.751592","479.14","XIANYANG, CH","  74.8","24","  67.4","24","9999.9"," 0","999.9"," 0","  5.7","24","  5.2","24","  7.8","999.9","  80.6","*","  69.8","*"," 0.00","I","999.9","000000"
"57036099999","2021-07-02","34.447119","108.751592","479.14","XIANYANG, CH","  67.8","24","  65.7","24","9999.9"," 0","999.9"," 0","  3.5","24","  5.3","24"," 11.7","999.9","  75.2","*","  64.4","*","99.99"," ","999.9","110000"
"57036099999","2021-07-03","34.447119","108.751592","479.14","XIANYANG, CH","  74.6","24","  66.8","24","9999.9"," 0","999.9"," 0","  5.0","24","  2.8","24","  5.8","999.9","  84.2","*","  66.2","*"," 0.00","I","999.9","000000"
"57036099999","2021-07-04","34.447119","108.751592","479.14","XIANYANG, CH","  80.4","24","  66.1","24","9999.9"," 0","999.9"," 0","  6.1","24","  4.9","24","  9.7","999.9","  87.8","*","  71.6","*"," 0.00","I","999.9","000000"
"57036099999","2021-07-05","34.447119","108.751592","479.14","XIANYANG, CH","  81.1","24","  68.5","24","9999.9"," 0","999.9"," 0","  6.2","24","  4.9","24","  7.8","999.9","  87.8","*","  73.4","*"," 0.00","I","999.9","000000"
"57036099999","2021-07-06","34.447119","108.751592","479.14","XIANYANG, CH","  80.9","24","  66.9","24","9999.9"," 0","999.9"," 0","  6.2","24","  5.0","24"," 15.5","999.9","  91.4","*","  69.8","*"," 0.00","I","999.9","000000"
"57036099999","2021-07-07","34.447119","108.751592","479.14","XIANYANG, CH","  83.8","24","  68.1","24","9999.9"," 0","999.9"," 0","  6.2","24","  3.6","24","  7.8","999.9","  95.0","*","  75.2","*"," 0.00","I","999.9","000000"
"57036099999","2021-07-08","34.447119","108.751592","479.14","XIANYANG, CH","  86.1","24","  70.8","24","9999.9"," 0","999.9"," 0","  6.2","24","  4.5","24","  9.7","999.9","  96.8","*","  77.0","*"," 0.00","I","999.9","000000"
"57036099999","2021-07-09","34.447119","108.751592","479.14","XIANYANG, CH","  88.2","24","  69.9","24","9999.9"," 0","999.9"," 0","  6.2","24","  4.0","24","  9.7","999.9","  98.6","*","  77.0","*"," 0.00","I","999.9","000000"
"57036099999","2021-07-10","34.447119","108.751592","479.14","XIANYANG, CH","  78.7","24","  71.2","24","9999.9"," 0","999.9"," 0","  5.7","24","  4.9","24","  9.7","999.9","  86.0","*","  71.6","*","99.99"," ","999.9","010000"
"57036099999","2021-07-11","34.447119","108.751592","479.14","XIANYANG, CH","  80.7","24","  71.2","24","9999.9"," 0","999.9"," 0","  6.2","24","  4.9","24"," 15.5","999.9","  91.4","*","  73.4","*"," 0.00","I","999.9","000000"
"57036099999","2021-07-12","34.447119","108.751592","479.14","XIANYANG, CH","  83.1","24","  68.7","24","9999.9"," 0","999.9"," 0","  6.2","24","  4.4","24"," 15.5","999.9","  96.8","*","  71.6","*"," 0.00","I","999.9","000000"
"57036099999","2021-07-13","34.447119","108.751592","479.14","XIANYANG, CH","  87.6","24","  69.5","24","9999.9"," 0","999.9"," 0","  6.2","24","  5.4","24"," 13.6","999.9"," 100.4","*","  77.0","*"," 0.00","I","999.9","000000"
"57036099999","2021-07-14","34.447119","108.751592","479.14","XIANYANG, CH","  90.3","24","  72.5","24","9999.9"," 0","999.9"," 0","  6.2","24","  8.7","24"," 13.6","999.9"," 100.4","*","  82.4","*"," 0.00","I","999.9","000000"
"57036099999","2021-07-15","34.447119","108.751592","479.14","XIANYANG, CH","  82.1","24","  72.6","24","9999.9"," 0","999.9"," 0","  6.2","24","  5.2","24"," 11.7","999.9","  87.8","*","  77.0","*"," 0.00","I","999.9","000000"
"57036099999","2021-07-16","34.447119","108.751592","479.14","XIANYANG, CH","  83.8","24","  73.5","24","9999.9"," 0","999.9"," 0","  5.1","24","  4.0","24","  7.8","999.9","  93.2","*","  77.0","*"," 0.00","I","999.9","000000"
"57036099999","2021-07-17","34.447119","108.751592","479.14","XIANYANG, CH","  83.4","24","  70.9","24","9999.9"," 0","999.9"," 0","  5.5","24","  6.0","24"," 19.4"," 29.1","  96.8","*","  73.4","*","99.99"," ","999.9","010010"
"57036099999","2021-07-18","34.447119","108.751592","479.14","XIANYANG, CH","  75.9","24","  72.2","24","9999.9"," 0","999.9"," 0","  5.0","24","  5.0","24","  7.8","999.9","  80.6","*","  73.4","*","99.99"," ","999.9","010000"
"57036099999","2021-07-19","34.447119","108.751592","479.14","XIANYANG, CH","  79.1","24","  71.6","24","9999.9"," 0","999.9"," 0","  5.8","24","  8.1","24"," 11.7","999.9","  87.8","*","  75.2","*","99.99"," ","999.9","010010"
"57036099999","2021-07-20","34.447119","108.751592","479.14","XIANYANG, CH","  78.5","24","  69.1","24","9999.9"," 0","999.9"," 0","  6.2","24"," 11.4","24"," 15.5"," 25.3","  84.2","*","  73.4","*"," 0.00","I","999.9","000000"
"57036099999","2021-07-21","34.447119","108.751592","479.14","XIANYANG, CH","  80.7","24","  70.1","24","9999.9"," 0","999.9"," 0","  6.2","24","  9.5","24"," 11.7","999.9","  87.8","*","  75.2","*"," 0.00","I","999.9","000000"
"57036099999","2021-07-22","34.447119","108.751592","479.14","XIANYANG, CH","  81.6","24","  72.2","24","9999.9"," 0","999.9"," 0","  5.9","24"," 12.6","24"," 17.5","999.9","  89.6","*","  71.6","*","99.99"," ","999.9","010000"
"57036099999","2021-07-23","34.447119","108.751592","479.14","XIANYANG, CH","  73.9","24","  70.0","24","9999.9"," 0","999.9"," 0","  4.7","24"," 11.5","24"," 17.5","999.9","  77.0","*","  71.6","*","99.99"," ","999.9","010000"
"57036099999","2021-07-24","34.447119","108.751592","479.14","XIANYANG, CH","  81.2","24","  69.4","24","9999.9"," 0","999.9"," 0","  6.1","24","  8.9","24"," 15.5","999.9","  89.6","*","  73.4","*"," 0.00","I","999.9","000000"
"57036099999","2021-07-25","34.447119","108.751592","479.14","XIANYANG, CH","  84.4","24","  69.8","24","9999.9"," 0","999.9"," 0","  6.0","24","  5.5","24"," 15.5","999.9","  93.2","*","  73.4","*","99.99"," ","999.9","010000"
"57036099999","2021-07-26","34.447119","108.751592","479.14","XIANYANG, CH","  75.1","24","  68.7","24","9999.9"," 0","999.9"," 0","  6.2","24","  5.7","24"," 11.7","999.9","  80.6","*","  71.6","*","99.99"," ","999.9","010000"
"57036099999","2021-07-27","34.447119","108.751592","479.14","XIANYANG, CH","  78.4","24","  69.1","24","9999.9"," 0","999.9"," 0","  6.2","24","  4.9","24","  7.8","999.9","  84.2","*","  73.4","*","99.99"," ","999.9","010000"
"57036099999","2021-07-28","34.447119","108.751592","479.14","XIANYANG, CH","  76.6","24","  69.4","24","9999.9"," 0","999.9"," 0","  5.4","24","  3.2","24","  5.8","999.9","  82.4","*","  68.0","*"," 0.00","I","999.9","000000"
"57036099999","2021-07-29","34.447119","108.751592","479.14","XIANYANG, CH","  81.3","24","  65.4","24","9999.9"," 0","999.9"," 0","  5.8","24","  4.5","24"," 13.6"," 21.4","  95.0","*","  68.0","*","99.99"," ","999.9","010000"
"57036099999","2021-07-30","34.447119","108.751592","479.14","XIANYANG, CH","  84.5","24","  65.8","24","9999.9"," 0","999.9"," 0","  6.2","24","  3.8","24","  7.8","999.9","  98.6","*","  71.6","*"," 0.00","I","999.9","000000"
"57036099999","2021-07-31","34.447119","108.751592","479.14","XIANYANG, CH","  86.6","24","  67.2","24","9999.9"," 0","999.9"," 0","  6.2","24","  3.7","24","  5.8","999.9"," 102.2","*","  71.6","*"," 0.00","I","999.9","000000"
"57036099999","2021-08-01","34.447119","108.751592","479.14","XIANYANG, CH","  89.7","24","  66.4","24","9999.9"," 0","999.9"," 0","  6.0","24","  6.2","24","  9.7"," 13.6"," 100.4","*","  78.8","*"," 0.00","I","999.9","000000"
"57036099999","2021-08-02","34.447119","108.751592","479.14","XIANYANG, CH","  85.8","24","  70.4","24","9999.9"," 0","999.9"," 0","  6.1","24"," 12.1","24"," 13.6","999.9","  95.0","*","  77.0","*"," 0.00","I","999.9","000000"
"57036099999","2021-08-03","34.447119","108.751592","479.14","XIANYANG, CH","  85.1","24","  69.8","24","9999.9"," 0","999.9"," 0","  6.2","24","  5.4","24"," 13.6","999.9","  95.0","*","  77.0","*","99.99"," ","999.9","010010"
"57036099999","2021-08-04","34.447119","108.751592","479.14","XIANYANG, CH","  83.4","24","  67.8","24","9999.9"," 0","999.9"," 0","  6.2","24","  3.1","24","  5.8","999.9","  91.4","*","  75.2","*","99.99"," ","999.9","010000"
"57036099999","2021-08-05","34.447119","108.751592","479.14","XIANYANG, CH","  78.8","24","  66.0","24","9999.9"," 0","999.9"," 0","  6.2","24","  3.3","24","  7.8","999.9","  89.6","*","  68.0","*","99.99"," ","999.9","010000"
"57036099999","2021-08-06","34.447119","108.751592","479.14","XIANYANG, CH","  85.0","24","  65.4","24","9999.9"," 0","999.9"," 0","  6.2","24","  6.1","24"," 11.7","999.9","  96.8","*","  75.2","*","99.99"," ","999.9","010000"
"57036099999","2021-08-07","34.447119","108.751592","479.14","XIANYANG, CH","  84.6","24","  61.4","24","9999.9"," 0","999.9"," 0","  6.2","24","  6.1","24"," 11.7","999.9","  93.2","*","  75.2","*","99.99"," ","999.9","010000"
"57036099999","2021-08-08","34.447119","108.751592","479.14","XIANYANG, CH","  72.4","24","  70.5","24","9999.9"," 0","999.9"," 0","  3.2","24","  3.2","24","  5.8","999.9","  75.2","*","  69.8","*","99.99"," ","999.9","010000"
"57036099999","2021-08-09","34.447119","108.751592","479.14","XIANYANG, CH","  80.3","24","  70.7","24","9999.9"," 0","999.9"," 0","  4.6","24","  3.3","24","  5.8","999.9","  91.4","*","  71.6","*"," 0.00","I","999.9","000000"
"57036099999","2021-08-10","34.447119","108.751592","479.14","XIANYANG, CH","  79.2","24","  71.3","24","9999.9"," 0","999.9"," 0","  5.3","24","  3.0","24","  5.8","999.9","  87.8","*","  73.4","*"," 0.00","I","999.9","000000"
"57036099999","2021-08-11","34.447119","108.751592","479.14","XIANYANG, CH","  80.9","24","  70.3","24","9999.9"," 0","999.9"," 0","  4.7","24","  5.9","24","  9.7","999.9","  87.8","*","  73.4","*","99.99"," ","999.9","010000"
"57036099999","2021-08-12","34.447119","108.751592","479.14","XIANYANG, CH","  70.2","24","  67.6","24","9999.9"," 0","999.9"," 0","  2.8","24","  5.3","24","  9.7","999.9","  75.2","*","  66.2","*","99.99"," ","999.9","010000"
"57036099999","2021-08-13","34.447119","108.751592","479.14","XIANYANG, CH","  70.6","24","  67.2","24","9999.9"," 0","999.9"," 0","  3.9","24","  3.5","24","  5.8","999.9","  78.8","*","  66.2","*","99.99"," ","999.9","010000"
"57036099999","2021-08-14","34.447119","108.751592","479.14","XIANYANG, CH","  75.5","24","  66.1","24","9999.9"," 0","999.9"," 0","  4.4","24","  6.7","24","  9.7","999.9","  84.2","*","  68.0","*"," 0.00","I","999.9","000000"
"57036099999","2021-08-15","34.447119","108.751592","479.14","XIANYANG, CH","  79.7","24","  64.8","24","9999.9"," 0","999.9"," 0","  5.6","24"," 10.3","24"," 15.5","999.9","  87.8","*","  73.4","*"," 0.00","I","999.9","000000"
"57036099999","2021-08-16","34.447119","108.751592","479.14","XIANYANG, CH","  77.8","24","  68.5","24","9999.9"," 0","999.9"," 0","  5.3","24","  8.4","24"," 15.5","999.9","  82.4","*","  73.4","*","99.99"," ","999.9","010000"
"57036099999","2021-08-17","34.447119","108.751592","479.14","XIANYANG, CH","  81.8","24","  70.4","24","9999.9"," 0","999.9"," 0","  6.2","24"," 11.0","24"," 15.5","999.9","  87.8","*","  75.2","*"," 0.00","I","999.9","000000"
"57036099999","2021-08-18","34.447119","108.751592","479.14","XIANYANG, CH","  83.7","24","  69.7","24","9999.9"," 0","999.9"," 0","  6.2","24","  7.7","24"," 13.6","999.9","  91.4","*","  77.0","*"," 0.00","I","999.9","000000"
"57036099999","2021-08-19","34.447119","108.751592","479.14","XIANYANG, CH","  79.3","24","  71.8","24","9999.9"," 0","999.9"," 0","  6.2","24","  5.0","24","  9.7","999.9","  89.6","*","  71.6","*","99.99"," ","999.9","010000"
"57036099999","2021-08-20","34.447119","108.751592","479.14","XIANYANG, CH","  82.6","24","  68.8","24","9999.9"," 0","999.9"," 0","  6.2","24","  5.0","24","  9.7","999.9","  93.2","*","  73.4","*"," 0.00","I","999.9","000000"
"57036099999","2021-08-21","34.447119","108.751592","479.14","XIANYANG, CH","  81.4","24","  70.9","24","9999.9"," 0","999.9"," 0","  4.9","24","  7.7","24"," 13.6","999.9","  93.2","*","  69.8","*","99.99"," ","999.9","010010"
"57036099999","2021-08-22","34.447119","108.751592","479.14","XIANYANG, CH","  70.9","24","  69.7","24","9999.9"," 0","999.9"," 0","  3.4","24","  4.1","24","  7.8","999.9","  73.4","*","  68.0","*","99.99"," ","999.9","010000"
"57036099999","2021-08-23","34.447119","108.751592","479.14","XIANYANG, CH","  74.5","24","  67.4","24","9999.9"," 0","999.9"," 0","  5.8","24","  5.3","24"," 13.6"," 21.4","  86.0","*","  64.4","*"," 0.00","I","999.9","000000"
"57036099999","2021-08-24","34.447119","108.751592","479.14","XIANYANG, CH","  75.6","24","  56.2","24","9999.9"," 0","999.9"," 0","  6.2","24","  5.0","24","  9.7","999.9","  87.8","*","  64.4","*"," 0.00","I","999.9","000000"
"57036099999","2021-08-25","34.447119","108.751592","479.14","XIANYANG, CH","  73.5","24","  59.5","24","9999.9"," 0","999.9"," 0","  6.2","24","  4.4","24"," 11.7","999.9","  80.6","*","  68.0","*"," 0.00","I","999.9","000000"
"57036099999","2021-08-26","34.447119","108.751592","479.14","XIANYANG, CH","  69.1","24","  59.5","24","9999.9"," 0","999.9"," 0","  5.9","24","  2.7","24","  3.9","999.9","  78.8","*","  59.0","*"," 0.00","I","999.9","000000"
"57036099999","2021-08-27","34.447119","108.751592","479.14","XIANYANG, CH","  74.3","24","  61.2","24","9999.9"," 0","999.9"," 0","  6.2","24","  7.0","24"," 11.7","999.9","  84.2","*","  66.2","*"," 0.00","I","999.9","000000"
"57036099999","2021-08-28","34.447119","108.751592","479.14","XIANYANG, CH","  71.9","24","  62.3","24","9999.9"," 0","999.9"," 0","  5.7","24","  6.7","24","  9.7"," 17.5","  78.8","*","  64.4","*"," 0.00","I","999.9","000000"
"57036099999","2021-08-29","34.447119","108.751592","479.14","XIANYANG, CH","  70.9","24","  64.2","24","9999.9"," 0","999.9"," 0","  5.6","24","  5.6","24","  7.8","999.9","  75.2","*","  68.0","*"," 0.00","I","999.9","000000"
"57036099999","2021-08-30","34.447119","108.751592","479.14","XIANYANG, CH","  68.7","24","  66.2","24","9999.9"," 0","999.9"," 0","  3.9","24","  6.1","24"," 11.7","999.9","  71.6","*","  66.2","*","99.99"," ","999.9","010000"
"57036099999","2021-08-31","34.447119","108.751592","479.14","XIANYANG, CH","  68.0","24","  67.2","24","9999.9"," 0","999.9"," 0","  3.2","24","  4.8","24","  7.8","999.9","  69.8","*","  66.2","*","99.99"," ","999.9","010000"
"57036099999","2021-09-01","34.447119","108.751592","479.14","XIANYANG, CH","  69.3","24","  66.4","24","9999.9"," 0","999.9"," 0","  4.2","24","  5.4","24","  9.7","999.9","  73.4","*","  66.2","*","99.99"," ","999.9","010000"
"57036099999","2021-09-02","34.447119","108.751592","479.14","XIANYANG, CH","  73.4","24","  67.3","24","9999.9"," 0","999.9"," 0","  5.1","24","  4.9","24","  7.8","999.9","  77.0","*","  69.8","*","99.99"," ","999.9","010000"
"57036099999","2021-09-03","34.447119","108.751592","479.14","XIANYANG, CH","  72.7","24","  69.4","24","9999.9"," 0","999.9"," 0","  2.6","24","  7.0","24"," 13.6","999.9","  78.8","*","  68.0","*","99.99"," ","999.9","010000"
"57036099999","2021-09-04","34.447119","108.751592","479.14","XIANYANG, CH","  71.1","24","  65.3","24","9999.9"," 0","999.9"," 0","  5.4","24","  4.5","24","  5.8","999.9","  78.8","*","  66.2","*"," 0.00","I","999.9","000000"
"57036099999","2021-09-05","34.447119","108.751592","479.14","XIANYANG, CH","  67.0","24","  66.1","24","9999.9"," 0","999.9"," 0","  3.1","24","  5.8","24","  9.7","999.9","  69.8","*","  64.4","*","99.99"," ","999.9","010000"
"57036099999","2021-09-06","34.447119","108.751592","479.14","XIANYANG, CH","  67.0","24","  62.7","24","9999.9"," 0","999.9"," 0","  6.2","24","  3.8","24","  7.8","999.9","  73.4","*","  57.2","*"," 0.00","I","999.9","000000"
"57036099999","2021-09-07","34.447119","108.751592","479.14","XIANYANG, CH","  69.9","24","  57.6","24","9999.9"," 0","999.9"," 0","  6.2","24","  3.5","24","  5.8","999.9","  82.4","*","  59.0","*"," 0.00","I","999.9","000000"
"57036099999","2021-09-08","34.447119","108.751592","479.14","XIANYANG, CH","  72.6","24","  62.6","24","9999.9"," 0","999.9"," 0","  6.2","24","  3.1","24","  5.8","999.9","  86.0","*","  62.6","*"," 0.00","I","999.9","000000"
"57036099999","2021-09-09","34.447119","108.751592","479.14","XIANYANG, CH","  75.6","24","  63.7","24","9999.9"," 0","999.9"," 0","  6.2","24","  3.8","24","  7.8","999.9","  91.4","*","  64.4","*"," 0.00","I","999.9","000000"
"57036099999","2021-09-10","34.447119","108.751592","479.14","XIANYANG, CH","  78.6","24","  65.8","24","9999.9"," 0","999.9"," 0","  5.5","24","  3.5","24","  5.8"," 11.7","  91.4","*","  66.2","*"," 0.00","I","999.9","000000"
"57036099999","2021-09-11","34.447119","108.751592","479.14","XIANYANG, CH","  78.9","24","  65.5","24","9999.9"," 0","999.9"," 0","  6.0","24","  6.8","24","  9.7","999.9","  89.6","*","  69.8","*"," 0.00","I","999.9","000000"
"57036099999","2021-09-12","34.447119","108.751592","479.14","XIANYANG, CH","  78.9","24","  56.1","24","9999.9"," 0","999.9"," 0","  6.2","24","  9.6","24"," 13.6","999.9","  91.4","*","  66.2","*"," 0.00","I","999.9","000000"
"57036099999","2021-09-13","34.447119","108.751592","479.14","XIANYANG, CH","  77.5","24","  58.3","24","9999.9"," 0","999.9"," 0","  6.2","24"," 10.7","24"," 15.5","999.9","  89.6","*","  66.2","*"," 0.00","I","999.9","000000"
"57036099999","2021-09-14","34.447119","108.751592","479.14","XIANYANG, CH","  76.9","24","  59.5","24","9999.9"," 0","999.9"," 0","  5.9","24","  9.2","24"," 13.6","999.9","  87.8","*","  66.2","*"," 0.00","I","999.9","000000"
"57036099999","2021-09-15","34.447119","108.751592","479.14","XIANYANG, CH","  74.0","24","  64.1","24","9999.9"," 0","999.9"," 0","  4.8","24","  7.2","24"," 13.6","999.9","  82.4","*","  68.0","*","99.99"," ","999.9","010000"
"57036099999","2021-09-16","34.447119","108.751592","479.14","XIANYANG, CH","  66.9","24","  64.9","24","9999.9"," 0","999.9"," 0","  5.4","24","  4.0","24","  7.8","999.9","  69.8","*","  64.4","*","99.99"," ","999.9","010000"
"57036099999","2021-09-17","34.447119","108.751592","479.14","XIANYANG, CH","  65.8","24","  65.0","24","9999.9"," 0","999.9"," 0","  3.6","24","  6.9","24"," 11.7","999.9","  68.0","*","  64.4","*","99.99"," ","999.9","010000"
"57036099999","2021-09-18","34.447119","108.751592","479.14","XIANYANG, CH","  64.9","24","  63.9","24","9999.9"," 0","999.9"," 0","  3.9","24","  4.7","24","  9.7","999.9","  66.2","*","  64.4","*","99.99"," ","999.9","010000"
"57036099999","2021-09-19","34.447119","108.751592","479.14","XIANYANG, CH","  66.1","24","  61.4","24","9999.9"," 0","999.9"," 0","  6.1","24","  5.7","24","  9.7","999.9","  77.0","*","  59.0","*","99.99"," ","999.9","010010"
"57036099999","2021-09-20","34.447119","108.751592","479.14","XIANYANG, CH","  69.7","24","  58.0","24","9999.9"," 0","999.9"," 0","  6.2","24","  5.4","24","  9.7"," 21.4","  84.2","*","  57.2","*","99.99"," ","999.9","010000"
"57036099999","2021-09-21","34.447119","108.751592","479.14","XIANYANG, CH","  72.2","24","  62.0","24","9999.9"," 0","999.9"," 0","  6.2","24","  3.2","24","  7.8","999.9","  87.8","*","  60.8","*"," 0.00","I","999.9","000000"
"57036099999","2021-09-22","34.447119","108.751592","479.14","XIANYANG, CH","  73.6","24","  63.3","24","9999.9"," 0","999.9"," 0","  6.2","24","  7.7","24"," 11.7","999.9","  80.6","*","  68.0","*"," 0.00","I","999.9","000000"
"57036099999","2021-09-23","34.447119","108.751592","479.14","XIANYANG, CH","  66.7","24","  64.0","24","9999.9"," 0","999.9"," 0","  3.3","24","  4.9","24","  9.7","999.9","  68.0","*","  66.2","*","99.99"," ","999.9","010000"
"57036099999","2021-09-24","34.447119","108.751592","479.14","XIANYANG, CH","  67.3","24","  66.3","24","9999.9"," 0","999.9"," 0","  1.9","24","  5.3","24","  9.7","999.9","  68.0","*","  66.2","*","99.99"," ","999.9","010000"
"57036099999","2021-09-25","34.447119","108.751592","479.14","XIANYANG, CH","  65.5","24","  64.5","24","9999.9"," 0","999.9"," 0","  3.9","24","  8.8","24"," 11.7","999.9","  68.0","*","  62.6","*","99.99"," ","999.9","010000"
"57036099999","2021-09-26","34.447119","108.751592","479.14","XIANYANG, CH","  63.6","24","  62.6","24","9999.9"," 0","999.9"," 0","  3.6","24","  2.6","24","  7.8","999.9","  64.4","*","  62.6","*","99.99"," ","999.9","010000"
"57036099999","2021-09-27","34.447119","108.751592","479.14","XIANYANG, CH","  64.3","24","  63.0","24","9999.9"," 0","999.9"," 0","  3.1","24","  6.3","24"," 13.6","999.9","  66.2","*","  62.6","*","99.99"," ","999.9","010000"
"57036099999","2021-09-28","34.447119","108.751592","479.14","XIANYANG, CH","  64.4","24","  62.1","24","9999.9"," 0","999.9"," 0","  4.4","24","  3.0","24","  5.8","999.9","  71.6","*","  57.2","*","99.99"," ","999.9","010000"
"57036099999","2021-09-29","34.447119","108.751592","479.14","XIANYANG, CH","  67.3","24","  63.3","24","9999.9"," 0","999.9"," 0","  3.6","24","  3.6","24","  7.8","999.9","  75.2","*","  60.8","*"," 0.00","I","999.9","000000"
"57036099999","2021-09-30","34.447119","108.751592","479.14","XIANYANG, CH","  69.4","24","  64.3","24","9999.9"," 0","999.9"," 0","  2.6","24","  2.8","24","  5.8","999.9","  78.8","*","  62.6","*"," 0.00","I","999.9","000000"
"57036099999","2021-10-01","34.447119","108.751592","479.14","XIANYANG, CH","  71.8","24","  65.6","24","9999.9"," 0","999.9"," 0","  2.8","24","  3.9","24","  7.8","999.9","  82.4","*","  62.6","*"," 0.00","I","999.9","000000"
"57036099999","2021-10-02","34.447119","108.751592","479.14","XIANYANG, CH","  73.0","24","  66.4","24","9999.9"," 0","999.9"," 0","  4.9","24","  6.2","24"," 11.7","999.9","  78.8","*","  66.2","*"," 0.00","I","999.9","000000"
"57036099999","2021-10-03","34.447119","108.751592","479.14","XIANYANG, CH","  67.6","24","  63.3","24","9999.9"," 0","999.9"," 0","  4.5","24","  6.9","24"," 13.6","999.9","  77.0","*","  60.8","*","99.99"," ","999.9","010000"
"57036099999","2021-10-04","34.447119","108.751592","479.14","XIANYANG, CH","  56.9","24","  54.7","24","9999.9"," 0","999.9"," 0","  4.5","24","  9.7","24"," 15.5","999.9","  60.8","*","  55.4","*","99.99"," ","999.9","010000"
"57036099999","2021-10-05","34.447119","108.751592","479.14","XIANYANG, CH","  54.8","24","  54.2","24","9999.9"," 0","999.9"," 0","  2.9","24","  4.9","24","  7.8","999.9","  55.4","*","  53.6","*","99.99"," ","999.9","010000"
"57036099999","2021-10-06","34.447119","108.751592","479.14","XIANYANG, CH","  54.6","24","  53.4","24","9999.9"," 0","999.9"," 0","  4.4","24","  3.9","24","  5.8","999.9","  57.2","*","  53.6","*","99.99"," ","999.9","010000"
"57036099999","2021-10-07","34.447119","108.751592","479.14","XIANYANG, CH","  57.3","24","  54.1","24","9999.9"," 0","999.9"," 0","  4.1","24","  5.2","24","  9.7","999.9","  60.8","*","  53.6","*","99.99"," ","999.9","010000"
"57036099999","2021-10-08","34.447119","108.751592","479.14","XIANYANG, CH","  58.7","24","  54.0","24","9999.9"," 0","999.9"," 0","  5.0","24","  6.9","24"," 13.6","999.9","  62.6","*","  55.4","*","99.99"," ","999.9","010000"
"57036099999","2021-10-09","34.447119","108.751592","479.14","XIANYANG, CH","  53.2","24","  52.3","24","9999.9"," 0","999.9"," 0","  3.4","24","  5.7","24","  9.7","999.9","  57.2","*","  48.2","*","99.99"," ","999.9","010000"
"57036099999","2021-10-10","34.447119","108.751592","479.14","XIANYANG, CH","  47.6","24","  43.6","24","9999.9"," 0","999.9"," 0","  6.2","24","  6.2","24"," 11.7","999.9","  51.8","*","  44.6","*","99.99"," ","999.9","010000"
"57036099999","2021-10-11","34.447119","108.751592","479.14","XIANYANG, CH","  48.9","24","  45.1","24","9999.9"," 0","999.9"," 0","  5.2","24","  7.5","24"," 11.7","999.9","  50.0","*","  46.4","*","99.99"," ","999.9","010000"
"57036099999","2021-10-12","34.447119","108.751592","479.14","XIANYANG, CH","  52.2","24","  47.5","24","9999.9"," 0","999.9"," 0","  4.7","24","  5.6","24"," 11.7","999.9","  55.4","*","  48.2","*"," 0.00","I","999.9","000000"
"57036099999","2021-10-13","34.447119","108.751592","479.14","XIANYANG, CH","  57.1","24","  51.8","24","9999.9"," 0","999.9"," 0","  3.4","24","  5.1","24","  9.7","999.9","  62.6","*","  51.8","*","99.99"," ","999.9","010000"
"57036099999","2021-10-14","34.447119","108.751592","479.14","XIANYANG, CH","  58.2","24","  51.5","24","9999.9"," 0","999.9"," 0","  6.2","24","  5.6","24","  7.8","999.9","  64.4","*","  53.6","*","99.99"," ","999.9","010000"
"57036099999","2021-10-15","34.447119","108.751592","479.14","XIANYANG, CH","  54.6","24","  49.3","24","9999.9"," 0","999.9"," 0","  6.0","24","  5.7","24","  9.7","999.9","  60.8","*","  51.8","*","99.99"," ","999.9","010000"
"57036099999","2021-10-16","34.447119","108.751592","479.14","XIANYANG, CH","  54.6","24","  43.7","24","9999.9"," 0","999.9"," 0","  5.9","24","  6.0","24"," 11.7","999.9","  64.4","*","  46.4","*"," 0.00","I","999.9","000000"
"57036099999","2021-10-17","34.447119","108.751592","479.14","XIANYANG, CH","  50.8","24","  43.7","24","9999.9"," 0","999.9"," 0","  4.7","24","  5.4","24"," 15.5","999.9","  57.2","*","  42.8","*"," 0.00","I","999.9","000000"
"57036099999","2021-10-18","34.447119","108.751592","479.14","XIANYANG, CH","  56.1","24","  49.6","24","9999.9"," 0","999.9"," 0","  3.2","24","  3.2","24","  7.8","999.9","  66.2","*","  44.6","*"," 0.00","I","999.9","000000"
"57036099999","2021-10-19","34.447119","108.751592","479.14","XIANYANG, CH","  51.9","24","  48.7","24","9999.9"," 0","999.9"," 0","  2.0","24"," 13.4","24"," 19.4","999.9","  59.0","*","  48.2","*","99.99"," ","999.9","010000"
"57036099999","2021-10-20","34.447119","108.751592","479.14","XIANYANG, CH","  47.8","24","  45.3","24","9999.9"," 0","999.9"," 0","  2.1","24","  4.0","24","  5.8","999.9","  53.6","*","  39.2","*"," 0.00","I","999.9","100000"
"57036099999","2021-10-21","34.447119","108.751592","479.14","XIANYANG, CH","  50.4","24","  38.2","24","9999.9"," 0","999.9"," 0","  5.8","24","  2.9","24","  5.8","999.9","  64.4","*","  39.2","*"," 0.00","I","999.9","100000"
"57036099999","2021-10-22","34.447119","108.751592","479.14","XIANYANG, CH","  50.0","24","  41.2","24","9999.9"," 0","999.9"," 0","  5.3","24","  3.6","24","  7.8","999.9","  59.0","*","  41.0","*"," 0.00","I","999.9","000000"
"57036099999","2021-10-23","34.447119","108.751592","479.14","XIANYANG, CH","  53.3","24","  46.5","24","9999.9"," 0","999.9"," 0","  2.7","24","  5.2","24"," 11.7","999.9","  59.0","*","  50.0","*"," 0.00","I","999.9","000000"
"57036099999","2021-10-24","34.447119","108.751592","479.14","XIANYANG, CH","  54.9","24","  48.4","24","9999.9"," 0","999.9"," 0","  1.9","24","  2.1","24","  3.9","999.9","  64.4","*","  48.2","*"," 0.00","I","999.9","000000"
"57036099999","2021-10-25","34.447119","108.751592","479.14","XIANYANG, CH","  56.1","24","  51.1","24","9999.9"," 0","999.9"," 0","  1.7","24","  4.7","24","  9.7","999.9","  60.8","*","  48.2","*","99.99"," ","999.9","010000"
"57036099999","2021-10-26","34.447119","108.751592","479.14","XIANYANG, CH","  52.0","24","  48.7","24","9999.9"," 0","999.9"," 0","  4.4","24","  4.5","24","  7.8","999.9","  60.8","*","  42.8","*","99.99"," ","999.9","010000"
"57036099999","2021-10-27","34.447119","108.751592","479.14","XIANYANG, CH","  53.1","24","  50.2","24","9999.9"," 0","999.9"," 0","  2.5","24","  2.8","24","  5.8","999.9","  57.2","*","  46.4","*","99.99"," ","999.9","010000"
"57036099999","2021-10-28","34.447119","108.751592","479.14","XIANYANG, CH","  53.8","24","  49.6","24","9999.9"," 0","999.9"," 0","  2.4","24","  2.1","24","  3.9","999.9","  66.2","*","  46.4","*"," 0.00","I","999.9","000000"
"57036099999","2021-10-29","34.447119","108.751592","479.14","XIANYANG, CH","  54.5","24","  49.2","24","9999.9"," 0","999.9"," 0","  2.6","24","  2.4","24","  5.8","999.9","  68.0","*","  42.8","*"," 0.00","I","999.9","000000"
"57036099999","2021-10-30","34.447119","108.751592","479.14","XIANYANG, CH","  58.2","24","  51.8","24","9999.9"," 0","999.9"," 0","  2.6","24","  3.0","24","  7.8","999.9","  66.2","*","  46.4","*"," 0.00","I","999.9","000000"
"57036099999","2021-10-31","34.447119","108.751592","479.14","XIANYANG, CH","  54.4","24","  49.3","24","9999.9"," 0","999.9"," 0","  3.7","24","  3.2","24","  7.8","999.9","  62.6","*","  46.4","*"," 0.00","I","999.9","000000"
"57036099999","2021-11-01","34.447119","108.751592","479.14","XIANYANG, CH","  53.5","24","  47.1","24","9999.9"," 0","999.9"," 0","  2.3","24","  5.2","24"," 13.6","999.9","  59.0","*","  48.2","*"," 0.00","I","999.9","000000"
"57036099999","2021-11-02","34.447119","108.751592","479.14","XIANYANG, CH","  56.3","24","  47.4","24","9999.9"," 0","999.9"," 0","  3.8","24","  3.2","24","  5.8","999.9","  64.4","*","  48.2","*","99.99"," ","999.9","010000"
"57036099999","2021-11-03","34.447119","108.751592","479.14","XIANYANG, CH","  54.1","24","  49.4","24","9999.9"," 0","999.9"," 0","  2.2","24","  2.9","24","  5.8","999.9","  64.4","*","  46.4","*","99.99"," ","999.9","010000"
"57036099999","2021-11-04","34.447119","108.751592","479.14","XIANYANG, CH","  56.1","24","  49.6","24","9999.9"," 0","999.9"," 0","  1.8","24","  4.4","24","  7.8","999.9","  62.6","*","  48.2","*"," 0.00","I","999.9","000000"
"57036099999","2021-11-05","34.447119","108.751592","479.14","XIANYANG, CH","  58.3","24","  51.8","24","9999.9"," 0","999.9"," 0","  1.8","24","  5.0","24","  7.8","999.9","  66.2","*","  53.6","*"," 0.00","I","999.9","000000"
"57036099999","2021-11-06","34.447119","108.751592","479.14","XIANYANG, CH","  38.4","24","  31.4","24","9999.9"," 0","999.9"," 0","  4.9","24"," 12.9","24"," 17.5","999.9","  50.0","*","  32.0","*","99.99"," ","999.9","011000"
"57036099999","2021-11-07","34.447119","108.751592","479.14","XIANYANG, CH","  33.3","24","  21.1","24","9999.9"," 0","999.9"," 0","  6.2","24","  6.0","24"," 13.6","999.9","  46.4","*","  24.8","*"," 0.00","I","999.9","000000"
"57036099999","2021-11-08","34.447119","108.751592","479.14","XIANYANG, CH","  37.6","24","  24.3","24","9999.9"," 0","999.9"," 0","  6.2","24","  4.0","24","  7.8","999.9","  50.0","*","  26.6","*"," 0.00","I","999.9","000000"
"57036099999","2021-11-09","34.447119","108.751592","479.14","XIANYANG, CH","  42.8","24","  19.9","24","9999.9"," 0","999.9"," 0","  6.0","24","  6.5","24"," 11.7","999.9","  57.2","*","  30.2","*"," 0.00","I","999.9","000000"
"57036099999","2021-11-10","34.447119","108.751592","479.14","XIANYANG, CH","  43.9","24","  20.8","24","9999.9"," 0","999.9"," 0","  6.2","24","  4.7","24","  9.7","999.9","  59.0","*","  32.0","*"," 0.00","I","999.9","000000"
"57036099999","2021-11-11","34.447119","108.751592","479.14","XIANYANG, CH","  43.8","24","  20.8","24","9999.9"," 0","999.9"," 0","  6.2","24","  5.2","24","  9.7","999.9","  57.2","*","  33.8","*"," 0.00","I","999.9","000000"
"57036099999","2021-11-12","34.447119","108.751592","479.14","XIANYANG, CH","  41.0","24","  21.7","24","9999.9"," 0","999.9"," 0","  5.4","24","  4.2","24","  9.7","999.9","  59.0","*","  26.6","*"," 0.00","I","999.9","000000"
"57036099999","2021-11-13","34.447119","108.751592","479.14","XIANYANG, CH","  45.1","24","  24.6","24","9999.9"," 0","999.9"," 0","  6.2","24","  4.5","24","  7.8"," 17.5","  66.2","*","  28.4","*"," 0.00","I","999.9","000000"
"57036099999","2021-11-14","34.447119","108.751592","479.14","XIANYANG, CH","  44.5","24","  28.1","24","9999.9"," 0","999.9"," 0","  5.4","24","  3.6","24","  9.7","999.9","  57.2","*","  30.2","*"," 0.00","I","999.9","000000"
"57036099999","2021-11-15","34.447119","108.751592","479.14","XIANYANG, CH","  44.1","24","  29.5","24","9999.9"," 0","999.9"," 0","  5.5","24","  2.5","24","  3.9","999.9","  60.8","*","  32.0","*"," 0.00","I","999.9","000000"
"57036099999","2021-11-16","34.447119","108.751592","479.14","XIANYANG, CH","  44.8","24","  33.8","24","9999.9"," 0","999.9"," 0","  3.3","24","  3.1","24","  7.8","999.9","  53.6","*","  32.0","*"," 0.00","I","999.9","000000"
"57036099999","2021-11-17","34.447119","108.751592","479.14","XIANYANG, CH","  45.1","24","  33.4","24","9999.9"," 0","999.9"," 0","  3.0","24","  2.6","24","  5.8","999.9","  64.4","*","  32.0","*"," 0.00","I","999.9","000000"
"57036099999","2021-11-18","34.447119","108.751592","479.14","XIANYANG, CH","  45.4","24","  35.3","24","9999.9"," 0","999.9"," 0","  2.6","24","  3.6","24","  7.8","999.9","  60.8","*","  33.8","*"," 0.00","I","999.9","000000"
"57036099999","2021-11-19","34.447119","108.751592","479.14","XIANYANG, CH","  50.8","24","  40.0","24","9999.9"," 0","999.9"," 0","  2.1","24","  3.6","24","  7.8","999.9","  60.8","*","  33.8","*"," 0.00","I","999.9","000000"
"57036099999","2021-11-20","34.447119","108.751592","479.14","XIANYANG, CH","  45.0","24","  38.3","24","9999.9"," 0","999.9"," 0","  3.6","24","  4.6","24","  9.7","999.9","  51.8","*","  39.2","*","99.99"," ","999.9","010000"
"57036099999","2021-11-21","34.447119","108.751592","479.14","XIANYANG, CH","  40.4","24","  19.0","24","9999.9"," 0","999.9"," 0","  6.2","24","  7.6","24"," 15.5","999.9","  53.6","*","  24.8","*"," 0.00","I","999.9","000000"
"57036099999","2021-11-22","34.447119","108.751592","479.14","XIANYANG, CH","  32.1","24","  15.0","24","9999.9"," 0","999.9"," 0","  6.0","24","  3.6","24","  5.8","999.9","  46.4","*","  21.2","*"," 0.00","I","999.9","000000"
"57036099999","2021-11-23","34.447119","108.751592","479.14","XIANYANG, CH","  36.6","24","  23.1","24","9999.9"," 0","999.9"," 0","  5.1","24","  3.9","24","  7.8","999.9","  53.6","*","  24.8","*"," 0.00","I","999.9","000000"
"57036099999","2021-11-24","34.447119","108.751592","479.14","XIANYANG, CH","  40.5","24","  24.6","24","9999.9"," 0","999.9"," 0","  4.9","24","  3.8","24","  9.7","999.9","  59.0","*","  26.6","*"," 0.00","I","999.9","000000"
"57036099999","2021-11-25","34.447119","108.751592","479.14","XIANYANG, CH","  40.2","24","  27.6","24","9999.9"," 0","999.9"," 0","  3.4","24","  2.2","24","  3.9","999.9","  59.0","*","  26.6","*"," 0.00","I","999.9","000000"
"57036099999","2021-11-26","34.447119","108.751592","479.14","XIANYANG, CH","  40.6","24","  29.8","24","9999.9"," 0","999.9"," 0","  2.9","24","  3.6","24","  7.8","999.9","  51.8","*","  30.2","*"," 0.00","I","999.9","000000"
"57036099999","2021-11-27","34.447119","108.751592","479.14","XIANYANG, CH","  41.0","24","  30.1","24","9999.9"," 0","999.9"," 0","  2.6","24","  5.1","24","  9.7","999.9","  51.8","*","  30.2","*"," 0.00","I","999.9","000000"
"57036099999","2021-11-28","34.447119","108.751592","479.14","XIANYANG, CH","  46.7","24","  33.0","24","9999.9"," 0","999.9"," 0","  3.0","24","  6.4","24"," 17.5","999.9","  53.6","*","  30.2","*","99.99"," ","999.9","010000"
"57036099999","2021-11-29","34.447119","108.751592","479.14","XIANYANG, CH","  37.2","24","  25.0","24","9999.9"," 0","999.9"," 0","  6.0","24","  5.8","24"," 13.6","999.9","  51.8","*","  26.6","*","99.99"," ","999.9","010000"
"57036099999","2021-11-30","34.447119","108.751592","479.14","XIANYANG, CH","  36.6","24","  18.8","24","9999.9"," 0","999.9"," 0","  6.2","24","  4.2","24","  7.8","999.9","  50.0","*","  24.8","*"," 0.00","I","999.9","000000"
"57036099999","2021-12-01","34.447119","108.751592","479.14","XIANYANG, CH","  36.4","24","  21.6","24","9999.9"," 0","999.9"," 0","  5.5","24","  3.7","24","  7.8","999.9","  48.2","*","  24.8","*"," 0.00","I","999.9","000000"
"57036099999","2021-12-02","34.447119","108.751592","479.14","XIANYANG, CH","  38.7","24","  20.0","24","9999.9"," 0","999.9"," 0","  6.2","24","  4.4","24","  9.7","999.9","  57.2","*","  21.2","*"," 0.00","I","999.9","000000"
"57036099999","2021-12-03","34.447119","108.751592","479.14","XIANYANG, CH","  34.0","24","  21.0","24","9999.9"," 0","999.9"," 0","  4.7","24","  2.6","24","  5.8","999.9","  51.8","*","  21.2","*"," 0.00","I","999.9","000000"
"57036099999","2021-12-04","34.447119","108.751592","479.14","XIANYANG, CH","  36.1","24","  21.8","24","9999.9"," 0","999.9"," 0","  4.1","24","  3.2","24","  5.8","999.9","  53.6","*","  23.0","*"," 0.00","I","999.9","000000"
"57036099999","2021-12-05","34.447119","108.751592","479.14","XIANYANG, CH","  36.9","24","  24.9","24","9999.9"," 0","999.9"," 0","  3.2","24","  2.9","24","  3.9","999.9","  55.4","*","  24.8","*"," 0.00","I","999.9","000000"
"57036099999","2021-12-06","34.447119","108.751592","479.14","XIANYANG, CH","  44.9","24","  24.2","24","9999.9"," 0","999.9"," 0","  4.0","24","  7.5","24"," 15.5","999.9","  51.8","*","  28.4","*"," 0.00","I","999.9","000000"
"57036099999","2021-12-07","34.447119","108.751592","479.14","XIANYANG, CH","  44.7","24","  22.1","24","9999.9"," 0","999.9"," 0","  6.2","24","  9.1","24"," 17.5","999.9","  50.0","*","  41.0","*","99.99"," ","999.9","010000"
"57036099999","2021-12-08","34.447119","108.751592","479.14","XIANYANG, CH","  36.4","24","  25.7","24","9999.9"," 0","999.9"," 0","  4.1","24","  3.9","24","  7.8","999.9","  48.2","*","  23.0","*"," 0.00","I","999.9","000000"
"57036099999","2021-12-09","34.447119","108.751592","479.14","XIANYANG, CH","  39.0","24","  29.8","24","9999.9"," 0","999.9"," 0","  1.8","24","  3.3","24","  5.8","999.9","  48.2","*","  24.8","*"," 0.00","I","999.9","000000"
"57036099999","2021-12-10","34.447119","108.751592","479.14","XIANYANG, CH","  40.3","24","  37.4","24","9999.9"," 0","999.9"," 0","  1.2","24","  2.8","24","  5.8","999.9","  42.8","*","  39.2","*","99.99"," ","999.9","010000"
"57036099999","2021-12-11","34.447119","108.751592","479.14","XIANYANG, CH","  44.1","24","  37.8","24","9999.9"," 0","999.9"," 0","  4.4","24","  4.2","24","  7.8","999.9","  50.0","*","  39.2","*"," 0.00","I","999.9","100000"
"57036099999","2021-12-12","34.447119","108.751592","479.14","XIANYANG, CH","  37.7","24","  23.9","24","9999.9"," 0","999.9"," 0","  6.2","24","  4.6","24","  7.8","999.9","  48.2","*","  26.6","*"," 0.00","I","999.9","000000"
"57036099999","2021-12-13","34.447119","108.751592","479.14","XIANYANG, CH","  32.7","24","  24.0","24","9999.9"," 0","999.9"," 0","  5.0","24","  3.6","24","  9.7","999.9","  42.8","*","  24.8","*"," 0.00","I","999.9","000000"
"57036099999","2021-12-14","34.447119","108.751592","479.14","XIANYANG, CH","  36.4","24","  28.2","24","9999.9"," 0","999.9"," 0","  3.8","24","  2.2","24","  3.9","999.9","  51.8","*","  26.6","*"," 0.00","I","999.9","000000"
"57036099999","2021-12-15","34.447119","108.751592","479.14","XIANYANG, CH","  36.2","24","  29.4","24","9999.9"," 0","999.9"," 0","  2.8","24","  2.7","24","  3.9","999.9","  44.6","*","  30.2","*"," 0.00","I","999.9","000000"
"57036099999","2021-12-16","34.447119","108.751592","479.14","XIANYANG, CH","  38.8","24","  17.6","24","9999.9"," 0","999.9"," 0","  6.2","24","  5.9","24"," 13.6","999.9","  48.2","*","  26.6","*"," 0.00","I","999.9","000000"
"57036099999","2021-12-17","34.447119","108.751592","479.14","XIANYANG, CH","  32.4","24","  12.9","24","9999.9"," 0","999.9"," 0","  6.2","24","  6.4","24"," 13.6","999.9","  39.2","*","  26.6","*"," 0.00","I","999.9","000000"
"57036099999","2021-12-18","34.447119","108.751592","479.14","XIANYANG, CH","  36.2","24","  17.5","24","9999.9"," 0","999.9"," 0","  6.2","24","  4.1","24","  7.8","999.9","  51.8","*","  24.8","*"," 0.00","I","999.9","000000"
"57036099999","2021-12-19","34.447119","108.751592","479.14","XIANYANG, CH","  37.4","24","  20.4","24","9999.9"," 0","999.9"," 0","  6.2","24","  3.5","24","  5.8","999.9","  55.4","*","  24.8","*"," 0.00","I","999.9","000000"
"57036099999","2021-12-20","34.447119","108.751592","479.14","XIANYANG, CH","  38.1","24","  22.2","24","9999.9"," 0","999.9"," 0","  5.9","24","  3.6","24","  9.7","999.9","  59.0","*","  23.0","*"," 0.00","I","999.9","000000"
"57036099999","2021-12-21","34.447119","108.751592","479.14","XIANYANG, CH","  36.7","24","  22.8","24","9999.9"," 0","999.9"," 0","  5.1","24","  2.8","24","  3.9","999.9","  55.4","*","  24.8","*"," 0.00","I","999.9","000000"
"57036099999","2021-12-22","34.447119","108.751592","479.14","XIANYANG, CH","  35.2","24","  24.4","24","9999.9"," 0","999.9"," 0","  3.5","24","  3.2","24","  7.8","999.9","  51.8","*","  24.8","*"," 0.00","I","999.9","000000"
"57036099999","2021-12-23","34.447119","108.751592","479.14","XIANYANG, CH","  34.8","24","  26.4","24","9999.9"," 0","999.9"," 0","  2.6","24","  2.9","24","  5.8","999.9","  42.8","*","  24.8","*"," 0.00","I","999.9","000000"
"57036099999","2021-12-24","34.447119","108.751592","479.14","XIANYANG, CH","  36.4","24","  29.2","24","9999.9"," 0","999.9"," 0","  2.5","24","  9.0","24"," 15.5","999.9","  46.4","*","  24.8","*","99.99"," ","999.9","001000"
"57036099999","2021-12-25","34.447119","108.751592","479.14","XIANYANG, CH","  28.1","24","  26.2","24","9999.9"," 0","999.9"," 0","  1.8","24","  5.1","24"," 11.7","999.9","  30.2","*","  26.6","*","99.99"," ","999.9","001000"
"57036099999","2021-12-26","34.447119","108.751592","479.14","XIANYANG, CH","  25.0","24","  16.2","24","9999.9"," 0","999.9"," 0","  5.6","24","  3.4","24","  7.8","999.9","  32.0","*","  17.6","*"," 0.00","I","999.9","000000"
"57036099999","2021-12-27","34.447119","108.751592","479.14","XIANYANG, CH","  25.6","24","  19.3","24","9999.9"," 0","999.9"," 0","  4.4","24","  2.8","24","  5.8","999.9","  30.2","*","  19.4","*"," 0.00","I","999.9","000000"
"57036099999","2021-12-28","34.447119","108.751592","479.14","XIANYANG, CH","  31.6","24","  20.1","24","9999.9"," 0","999.9"," 0","  5.3","24","  6.5","24"," 11.7","999.9","  39.2","*","  23.0","*"," 0.00","I","999.9","000000"
"57036099999","2021-12-29","34.447119","108.751592","479.14","XIANYANG, CH","  30.7","24","  14.2","24","9999.9"," 0","999.9"," 0","  5.6","24","  3.6","24","  7.8","999.9","  46.4","*","  19.4","*"," 0.00","I","999.9","000000"
"57036099999","2021-12-30","34.447119","108.751592","479.14","XIANYANG, CH","  30.2","24","  17.7","24","9999.9"," 0","999.9"," 0","  4.9","24","  2.5","24","  3.9","999.9","  41.0","*","  21.2","*"," 0.00","I","999.9","000000"
"57036099999","2021-12-31","34.447119","108.751592","479.14","XIANYANG, CH","  31.1","24","  20.9","24","9999.9"," 0","999.9"," 0","  2.7","24","  3.0","24","  7.8","999.9","  42.8","*","  21.2","*"," 0.00","I","999.9","000000"
